[{"model": "admin_interface.theme", "pk": 2, "fields": {"name": "Django", "active": true, "title": "Django 관리", "title_color": "#F5DD5D", "title_visible": true, "logo": "", "logo_color": "#FFFFFF", "logo_max_width": 400, "logo_max_height": 100, "logo_visible": true, "favicon": "", "env_name": "", "env_color": "#E74C3C", "env_visible_in_header": true, "env_visible_in_favicon": true, "language_chooser_active": true, "language_chooser_control": "default-select", "language_chooser_display": "code", "css_header_background_color": "#0C4B33", "css_header_text_color": "#44B78B", "css_header_link_color": "#FFFFFF", "css_header_link_hover_color": "#C9F0DD", "css_module_background_color": "#44B78B", "css_module_background_selected_color": "#FFFFCC", "css_module_text_color": "#FFFFFF", "css_module_link_color": "#FFFFFF", "css_module_link_selected_color": "#FFFFFF", "css_module_link_hover_color": "#C9F0DD", "css_module_rounded_corners": true, "css_generic_link_color": "#0C3C26", "css_generic_link_hover_color": "#156641", "css_generic_link_active_color": "#29B864", "css_save_button_background_color": "#0C4B33", "css_save_button_background_hover_color": "#0C3C26", "css_save_button_text_color": "#FFFFFF", "css_delete_button_background_color": "#BA2121", "css_delete_button_background_hover_color": "#A41515", "css_delete_button_text_color": "#FFFFFF", "related_modal_active": true, "related_modal_background_color": "#000000", "related_modal_background_opacity": "0.3", "related_modal_rounded_corners": true, "related_modal_close_button_visible": true, "list_filter_highlight": true, "list_filter_dropdown": true, "list_filter_sticky": true, "list_filter_removal_links": false, "foldable_apps": true, "show_fieldsets_as_tabs": false, "show_inlines_as_tabs": false, "collapsible_stacked_inlines": false, "collapsible_stacked_inlines_collapsed": true, "collapsible_tabular_inlines": false, "collapsible_tabular_inlines_collapsed": true, "recent_actions_visible": true, "form_submit_sticky": false, "form_pagination_sticky": false}}, {"model": "admin.logentry", "pk": 1, "fields": {"action_time": "2025-09-28T11:14:11.897Z", "user": 1, "content_type": 2, "object_id": "1", "object_repr": "코딩", "action_flag": 1, "change_message": "[{\"added\": {}}]"}}, {"model": "admin.logentry", "pk": 2, "fields": {"action_time": "2025-09-28T11:14:25.528Z", "user": 1, "content_type": 2, "object_id": "2", "object_repr": "코딩2", "action_flag": 1, "change_message": "[{\"added\": {}}]"}}, {"model": "admin.logentry", "pk": 3, "fields": {"action_time": "2025-09-28T11:14:53.385Z", "user": 1, "content_type": 1, "object_id": "1", "object_repr": "파이썬의 창시자는 누구인가요?", "action_flag": 1, "change_message": "[{\"added\": {}}]"}}, {"model": "admin.logentry", "pk": 4, "fields": {"action_time": "2025-09-28T11:15:07.246Z", "user": 1, "content_type": 3, "object_id": "1", "object_repr": "귀도 반 로섬", "action_flag": 1, "change_message": "[{\"added\": {}}]"}}, {"model": "admin.logentry", "pk": 5, "fields": {"action_time": "2025-09-28T11:15:12.759Z", "user": 1, "content_type": 3, "object_id": "2", "object_repr": "귀도 반", "action_flag": 1, "change_message": "[{\"added\": {}}]"}}, {"model": "admin.logentry", "pk": 6, "fields": {"action_time": "2025-09-28T11:31:39.321Z", "user": 1, "content_type": 1, "object_id": "2", "object_repr": "파이썬의 창시자는 누dssf구인가요?", "action_flag": 1, "change_message": "[{\"added\": {}}]"}}, {"model": "admin.logentry", "pk": 7, "fields": {"action_time": "2025-09-28T11:31:52.145Z", "user": 1, "content_type": 1, "object_id": "3", "object_repr": "파이썬의 창시자는 누dssf구인가요?sa", "action_flag": 1, "change_message": "[{\"added\": {}}]"}}, {"model": "admin.logentry", "pk": 8, "fields": {"action_time": "2025-09-28T11:32:23.656Z", "user": 1, "content_type": 3, "object_id": "3", "object_repr": "sda", "action_flag": 1, "change_message": "[{\"added\": {}}]"}}, {"model": "admin.logentry", "pk": 9, "fields": {"action_time": "2025-09-28T11:32:26.827Z", "user": 1, "content_type": 3, "object_id": "4", "object_repr": "asd", "action_flag": 1, "change_message": "[{\"added\": {}}]"}}, {"model": "admin.logentry", "pk": 10, "fields": {"action_time": "2025-09-28T11:32:30.845Z", "user": 1, "content_type": 3, "object_id": "5", "object_repr": "aaaaa", "action_flag": 1, "change_message": "[{\"added\": {}}]"}}, {"model": "admin.logentry", "pk": 11, "fields": {"action_time": "2025-09-28T11:32:34.591Z", "user": 1, "content_type": 3, "object_id": "6", "object_repr": "asdaaa", "action_flag": 1, "change_message": "[{\"added\": {}}]"}}, {"model": "admin.logentry", "pk": 12, "fields": {"action_time": "2025-09-28T11:32:38.353Z", "user": 1, "content_type": 3, "object_id": "7", "object_repr": "ss", "action_flag": 1, "change_message": "[{\"added\": {}}]"}}, {"model": "admin.logentry", "pk": 13, "fields": {"action_time": "2025-09-28T14:27:29.266Z", "user": 1, "content_type": 7, "object_id": "2", "object_repr": "영학", "action_flag": 2, "change_message": "[{\"changed\": {\"fields\": [\"Active\"]}}]"}}, {"model": "admin.logentry", "pk": 14, "fields": {"action_time": "2025-09-28T14:29:26.419Z", "user": 1, "content_type": 7, "object_id": "2", "object_repr": "영학", "action_flag": 2, "change_message": "[{\"changed\": {\"fields\": [\"password\"]}}]"}}, {"model": "admin.logentry", "pk": 15, "fields": {"action_time": "2025-10-09T12:35:55.142Z", "user": 1, "content_type": 7, "object_id": "2", "object_repr": "영학", "action_flag": 2, "change_message": "[{\"changed\": {\"fields\": [\"password\"]}}]"}}, {"model": "admin.logentry", "pk": 16, "fields": {"action_time": "2025-10-09T12:41:45.108Z", "user": 1, "content_type": 3, "object_id": "8", "object_repr": "귀도 반 로섬", "action_flag": 1, "change_message": "[{\"added\": {}}]"}}, {"model": "admin.logentry", "pk": 17, "fields": {"action_time": "2025-10-09T12:52:48.170Z", "user": 1, "content_type": 7, "object_id": "4", "object_repr": "testuser3", "action_flag": 2, "change_message": "[{\"changed\": {\"fields\": [\"Active\"]}}]"}}, {"model": "admin.logentry", "pk": 18, "fields": {"action_time": "2025-10-09T15:03:11.916Z", "user": 1, "content_type": 1, "object_id": "6", "object_repr": "이미지 시험", "action_flag": 1, "change_message": "[{\"added\": {}}]"}}, {"model": "admin.logentry", "pk": 19, "fields": {"action_time": "2025-10-09T15:04:03.109Z", "user": 1, "content_type": 1, "object_id": "6", "object_repr": "이미지 시험", "action_flag": 2, "change_message": "[{\"changed\": {\"fields\": [\"Image\"]}}]"}}, {"model": "admin.logentry", "pk": 20, "fields": {"action_time": "2025-10-09T15:04:15.617Z", "user": 1, "content_type": 3, "object_id": "16", "object_repr": "삼성", "action_flag": 1, "change_message": "[{\"added\": {}}]"}}, {"model": "admin.logentry", "pk": 21, "fields": {"action_time": "2025-10-09T15:04:21.865Z", "user": 1, "content_type": 3, "object_id": "17", "object_repr": "엘지", "action_flag": 1, "change_message": "[{\"added\": {}}]"}}, {"model": "admin.logentry", "pk": 22, "fields": {"action_time": "2025-10-09T15:04:28.647Z", "user": 1, "content_type": 3, "object_id": "18", "object_repr": "롯데", "action_flag": 1, "change_message": "[{\"added\": {}}]"}}, {"model": "admin.logentry", "pk": 23, "fields": {"action_time": "2025-10-09T15:04:35.514Z", "user": 1, "content_type": 3, "object_id": "19", "object_repr": "에플", "action_flag": 1, "change_message": "[{\"added\": {}}]"}}, {"model": "admin.logentry", "pk": 24, "fields": {"action_time": "2025-10-09T15:16:50.797Z", "user": 1, "content_type": 1, "object_id": "7", "object_repr": "이미지 시험2", "action_flag": 1, "change_message": "[{\"added\": {}}]"}}, {"model": "admin.logentry", "pk": 25, "fields": {"action_time": "2025-10-09T15:16:59.755Z", "user": 1, "content_type": 1, "object_id": "8", "object_repr": "이미지 시험2", "action_flag": 1, "change_message": "[{\"added\": {}}]"}}, {"model": "admin.logentry", "pk": 26, "fields": {"action_time": "2025-10-09T15:17:09.318Z", "user": 1, "content_type": 1, "object_id": "7", "object_repr": "이미지 시험2", "action_flag": 3, "change_message": ""}}, {"model": "admin.logentry", "pk": 27, "fields": {"action_time": "2025-10-09T15:17:33.973Z", "user": 1, "content_type": 3, "object_id": "20", "object_repr": "토끼", "action_flag": 1, "change_message": "[{\"added\": {}}]"}}, {"model": "admin.logentry", "pk": 28, "fields": {"action_time": "2025-10-09T15:18:22.162Z", "user": 1, "content_type": 3, "object_id": "21", "object_repr": "토끼2", "action_flag": 1, "change_message": "[{\"added\": {}}]"}}, {"model": "admin.logentry", "pk": 29, "fields": {"action_time": "2025-10-09T15:18:35.379Z", "user": 1, "content_type": 3, "object_id": "22", "object_repr": "반도체", "action_flag": 1, "change_message": "[{\"added\": {}}]"}}, {"model": "admin.logentry", "pk": 30, "fields": {"action_time": "2025-10-09T15:18:53.724Z", "user": 1, "content_type": 3, "object_id": "23", "object_repr": ".", "action_flag": 1, "change_message": "[{\"added\": {}}]"}}, {"model": "admin.logentry", "pk": 31, "fields": {"action_time": "2025-10-09T15:19:23.839Z", "user": 1, "content_type": 3, "object_id": "22", "object_repr": "반도체", "action_flag": 2, "change_message": "[{\"changed\": {\"fields\": [\"Is correct\"]}}]"}}, {"model": "admin.logentry", "pk": 32, "fields": {"action_time": "2025-10-10T03:54:31.822Z", "user": 1, "content_type": 12, "object_id": "5", "object_repr": "영학의 '코딩2' 요청 (승인됨)", "action_flag": 2, "change_message": "[{\"changed\": {\"fields\": [\"Status\"]}}]"}}, {"model": "admin.logentry", "pk": 33, "fields": {"action_time": "2025-10-10T03:54:31.823Z", "user": 1, "content_type": 12, "object_id": "4", "object_repr": "영학의 '코딩 능력 시험' 요청 (승인됨)", "action_flag": 2, "change_message": "[{\"changed\": {\"fields\": [\"Status\"]}}]"}}, {"model": "admin.logentry", "pk": 34, "fields": {"action_time": "2025-10-10T03:54:43.831Z", "user": 1, "content_type": 12, "object_id": "3", "object_repr": "admin의 '코딩' 요청 (승인됨)", "action_flag": 2, "change_message": "[{\"changed\": {\"fields\": [\"Status\"]}}]"}}, {"model": "admin.logentry", "pk": 35, "fields": {"action_time": "2025-10-10T03:54:43.832Z", "user": 1, "content_type": 12, "object_id": "2", "object_repr": "admin의 '코딩2' 요청 (승인됨)", "action_flag": 2, "change_message": "[{\"changed\": {\"fields\": [\"Status\"]}}]"}}, {"model": "admin.logentry", "pk": 36, "fields": {"action_time": "2025-10-10T04:02:18.231Z", "user": 1, "content_type": 12, "object_id": "1", "object_repr": "admin의 '코딩 능력 시험' 요청 (승인됨)", "action_flag": 2, "change_message": "[{\"changed\": {\"fields\": [\"Status\"]}}]"}}, {"model": "admin.logentry", "pk": 37, "fields": {"action_time": "2025-10-10T04:02:24.809Z", "user": 1, "content_type": 12, "object_id": "5", "object_repr": "영학의 '코딩2' 요청 (대기중)", "action_flag": 2, "change_message": "[{\"changed\": {\"fields\": [\"Status\"]}}]"}}, {"model": "admin.logentry", "pk": 38, "fields": {"action_time": "2025-10-10T04:02:24.810Z", "user": 1, "content_type": 12, "object_id": "4", "object_repr": "영학의 '코딩 능력 시험' 요청 (대기중)", "action_flag": 2, "change_message": "[{\"changed\": {\"fields\": [\"Status\"]}}]"}}, {"model": "admin.logentry", "pk": 39, "fields": {"action_time": "2025-10-10T04:02:24.811Z", "user": 1, "content_type": 12, "object_id": "3", "object_repr": "admin의 '코딩' 요청 (대기중)", "action_flag": 2, "change_message": "[{\"changed\": {\"fields\": [\"Status\"]}}]"}}, {"model": "admin.logentry", "pk": 40, "fields": {"action_time": "2025-10-10T04:02:24.812Z", "user": 1, "content_type": 12, "object_id": "2", "object_repr": "admin의 '코딩2' 요청 (대기중)", "action_flag": 2, "change_message": "[{\"changed\": {\"fields\": [\"Status\"]}}]"}}, {"model": "admin.logentry", "pk": 41, "fields": {"action_time": "2025-10-10T04:02:24.814Z", "user": 1, "content_type": 12, "object_id": "1", "object_repr": "admin의 '코딩 능력 시험' 요청 (대기중)", "action_flag": 2, "change_message": "[{\"changed\": {\"fields\": [\"Status\"]}}]"}}, {"model": "admin.logentry", "pk": 42, "fields": {"action_time": "2025-10-10T04:03:11.439Z", "user": 1, "content_type": 12, "object_id": "3", "object_repr": "admin의 '코딩' 요청 (승인됨)", "action_flag": 2, "change_message": "[{\"changed\": {\"fields\": [\"Status\"]}}]"}}, {"model": "admin.logentry", "pk": 43, "fields": {"action_time": "2025-10-10T04:03:11.441Z", "user": 1, "content_type": 12, "object_id": "2", "object_repr": "admin의 '코딩2' 요청 (승인됨)", "action_flag": 2, "change_message": "[{\"changed\": {\"fields\": [\"Status\"]}}]"}}, {"model": "admin.logentry", "pk": 44, "fields": {"action_time": "2025-10-10T04:03:11.442Z", "user": 1, "content_type": 12, "object_id": "1", "object_repr": "admin의 '코딩 능력 시험' 요청 (승인됨)", "action_flag": 2, "change_message": "[{\"changed\": {\"fields\": [\"Status\"]}}]"}}, {"model": "admin.logentry", "pk": 45, "fields": {"action_time": "2025-10-10T04:10:14.336Z", "user": 1, "content_type": 12, "object_id": "6", "object_repr": "admin의 '코딩 능력 시험' 0차 요청 (대기중)", "action_flag": 2, "change_message": "[{\"changed\": {\"fields\": [\"Status\"]}}]"}}, {"model": "admin.logentry", "pk": 46, "fields": {"action_time": "2025-10-10T04:10:14.337Z", "user": 1, "content_type": 12, "object_id": "5", "object_repr": "영학의 '코딩2' 0차 요청 (대기중)", "action_flag": 2, "change_message": "[{\"changed\": {\"fields\": [\"Status\"]}}]"}}, {"model": "admin.logentry", "pk": 47, "fields": {"action_time": "2025-10-10T04:10:14.338Z", "user": 1, "content_type": 12, "object_id": "4", "object_repr": "영학의 '코딩 능력 시험' 0차 요청 (대기중)", "action_flag": 2, "change_message": "[{\"changed\": {\"fields\": [\"Status\"]}}]"}}, {"model": "admin.logentry", "pk": 48, "fields": {"action_time": "2025-10-10T04:10:14.340Z", "user": 1, "content_type": 12, "object_id": "3", "object_repr": "admin의 '코딩' 0차 요청 (대기중)", "action_flag": 2, "change_message": "[{\"changed\": {\"fields\": [\"Status\"]}}]"}}, {"model": "admin.logentry", "pk": 49, "fields": {"action_time": "2025-10-10T04:10:14.341Z", "user": 1, "content_type": 12, "object_id": "2", "object_repr": "admin의 '코딩2' 0차 요청 (대기중)", "action_flag": 2, "change_message": "[{\"changed\": {\"fields\": [\"Status\"]}}]"}}, {"model": "admin.logentry", "pk": 50, "fields": {"action_time": "2025-10-10T04:10:14.342Z", "user": 1, "content_type": 12, "object_id": "1", "object_repr": "admin의 '코딩 능력 시험' 0차 요청 (대기중)", "action_flag": 2, "change_message": "[{\"changed\": {\"fields\": [\"Status\"]}}]"}}, {"model": "admin.logentry", "pk": 51, "fields": {"action_time": "2025-10-10T04:10:51.445Z", "user": 1, "content_type": 12, "object_id": "6", "object_repr": "admin의 '코딩 능력 시험' 0차 요청 (대기중)", "action_flag": 3, "change_message": ""}}, {"model": "admin.logentry", "pk": 52, "fields": {"action_time": "2025-10-10T04:11:05.841Z", "user": 1, "content_type": 12, "object_id": "1", "object_repr": "admin의 '코딩 능력 시험' 0차 요청 (대기중)", "action_flag": 3, "change_message": ""}}, {"model": "admin.logentry", "pk": 53, "fields": {"action_time": "2025-10-10T04:17:05.175Z", "user": 1, "content_type": 12, "object_id": "5", "object_repr": "영학의 '코딩2' 0차 요청 (승인됨)", "action_flag": 2, "change_message": "[{\"changed\": {\"fields\": [\"Status\"]}}]"}}, {"model": "admin.logentry", "pk": 54, "fields": {"action_time": "2025-10-10T04:17:05.177Z", "user": 1, "content_type": 12, "object_id": "2", "object_repr": "admin의 '코딩2' 0차 요청 (완료됨)", "action_flag": 2, "change_message": "[{\"changed\": {\"fields\": [\"Status\"]}}]"}}, {"model": "admin.logentry", "pk": 55, "fields": {"action_time": "2025-10-10T04:17:18.554Z", "user": 1, "content_type": 12, "object_id": "4", "object_repr": "영학의 '코딩 능력 시험' 0차 요청 (승인됨)", "action_flag": 2, "change_message": "[{\"changed\": {\"fields\": [\"Status\"]}}]"}}, {"model": "admin.logentry", "pk": 56, "fields": {"action_time": "2025-10-10T04:17:18.556Z", "user": 1, "content_type": 12, "object_id": "3", "object_repr": "admin의 '코딩' 0차 요청 (승인됨)", "action_flag": 2, "change_message": "[{\"changed\": {\"fields\": [\"Status\"]}}]"}}, {"model": "admin.logentry", "pk": 57, "fields": {"action_time": "2025-10-10T04:35:08.245Z", "user": 1, "content_type": 12, "object_id": "7", "object_repr": "admin의 '코딩2' 2차 요청 (승인됨)", "action_flag": 2, "change_message": "[{\"changed\": {\"fields\": [\"Status\"]}}]"}}, {"model": "admin.logentry", "pk": 58, "fields": {"action_time": "2025-10-10T04:35:29.519Z", "user": 1, "content_type": 12, "object_id": "8", "object_repr": "admin의 '코딩' 2차 요청 (승인됨)", "action_flag": 2, "change_message": "[{\"changed\": {\"fields\": [\"Status\"]}}]"}}, {"model": "admin.logentry", "pk": 59, "fields": {"action_time": "2025-10-10T04:36:22.853Z", "user": 1, "content_type": 1, "object_id": "1", "object_repr": "파이썬의 창시자는 누구인가요?", "action_flag": 2, "change_message": "[{\"changed\": {\"fields\": [\"Quiz\"]}}]"}}, {"model": "admin.logentry", "pk": 60, "fields": {"action_time": "2025-10-10T04:36:48.279Z", "user": 1, "content_type": 3, "object_id": "24", "object_repr": "ㄹㅊㅌㄴ", "action_flag": 1, "change_message": "[{\"added\": {}}]"}}, {"model": "admin.logentry", "pk": 61, "fields": {"action_time": "2025-10-10T04:37:08.616Z", "user": 1, "content_type": 3, "object_id": "24", "object_repr": "ㄹㅊㅌㄴ", "action_flag": 2, "change_message": "[{\"changed\": {\"fields\": [\"Is correct\"]}}]"}}, {"model": "admin.logentry", "pk": 62, "fields": {"action_time": "2025-10-10T04:58:06.477Z", "user": 1, "content_type": 12, "object_id": "9", "object_repr": "admin의 '코딩 능력 시험' 1차 요청 (승인됨)", "action_flag": 2, "change_message": "[{\"changed\": {\"fields\": [\"Status\"]}}]"}}, {"model": "admin.logentry", "pk": 63, "fields": {"action_time": "2025-10-11T14:03:29.937Z", "user": 1, "content_type": 1, "object_id": "9", "object_repr": "퇴근", "action_flag": 1, "change_message": "[{\"added\": {}}]"}}, {"model": "admin.logentry", "pk": 64, "fields": {"action_time": "2025-10-11T14:03:40.469Z", "user": 1, "content_type": 3, "object_id": "25", "object_repr": "사람", "action_flag": 1, "change_message": "[{\"added\": {}}]"}}, {"model": "admin.logentry", "pk": 65, "fields": {"action_time": "2025-10-11T14:03:57.755Z", "user": 1, "content_type": 3, "object_id": "21", "object_repr": "토끼2", "action_flag": 2, "change_message": "[{\"changed\": {\"fields\": [\"Is correct\"]}}]"}}, {"model": "admin.logentry", "pk": 66, "fields": {"action_time": "2025-10-11T14:04:24.354Z", "user": 1, "content_type": 12, "object_id": "10", "object_repr": "admin의 '코딩 능력 시험' 2차 요청 (승인됨)", "action_flag": 2, "change_message": "[{\"changed\": {\"fields\": [\"Status\"]}}]"}}, {"model": "admin.logentry", "pk": 67, "fields": {"action_time": "2025-10-11T14:05:09.399Z", "user": 1, "content_type": 3, "object_id": "25", "object_repr": "사람", "action_flag": 3, "change_message": ""}}, {"model": "admin.logentry", "pk": 68, "fields": {"action_time": "2025-10-11T14:05:33.111Z", "user": 1, "content_type": 1, "object_id": "8", "object_repr": "이미지 시험2", "action_flag": 2, "change_message": "[{\"changed\": {\"fields\": [\"Question type\"]}}]"}}, {"model": "admin.logentry", "pk": 69, "fields": {"action_time": "2025-10-11T14:16:39.218Z", "user": 1, "content_type": 3, "object_id": "26", "object_repr": "사람", "action_flag": 1, "change_message": "[{\"added\": {}}]"}}, {"model": "admin.logentry", "pk": 70, "fields": {"action_time": "2025-10-12T08:13:59.877Z", "user": 1, "content_type": 2, "object_id": "3", "object_repr": "코딩 능력 시험", "action_flag": 2, "change_message": "[{\"changed\": {\"fields\": [\"\\uc81c\\ud55c \\uc2dc\\uac04(\\ubd84)\"]}}]"}}, {"model": "admin.logentry", "pk": 71, "fields": {"action_time": "2025-10-12T08:14:19.593Z", "user": 1, "content_type": 2, "object_id": "3", "object_repr": "코딩 능력 시험", "action_flag": 2, "change_message": "[{\"changed\": {\"fields\": [\"\\uc81c\\ud55c \\uc2dc\\uac04(\\ubd84)\"]}}]"}}, {"model": "admin.logentry", "pk": 72, "fields": {"action_time": "2025-10-12T08:18:55.660Z", "user": 1, "content_type": 12, "object_id": "11", "object_repr": "admin의 '코딩 능력 시험' 3차 요청 (승인됨)", "action_flag": 2, "change_message": "[{\"changed\": {\"fields\": [\"Status\"]}}]"}}, {"model": "admin.logentry", "pk": 73, "fields": {"action_time": "2025-10-12T08:41:55.714Z", "user": 1, "content_type": 12, "object_id": "11", "object_repr": "admin의 '코딩 능력 시험' 3차 요청 (승인됨)", "action_flag": 2, "change_message": "[{\"changed\": {\"fields\": [\"Status\"]}}]"}}, {"model": "admin.logentry", "pk": 74, "fields": {"action_time": "2025-10-12T08:42:04.495Z", "user": 1, "content_type": 12, "object_id": "11", "object_repr": "admin의 '코딩 능력 시험' 3차 요청 (승인됨)", "action_flag": 2, "change_message": "[{\"changed\": {\"fields\": [\"Status\"]}}]"}}, {"model": "admin.logentry", "pk": 75, "fields": {"action_time": "2025-10-12T08:42:24.186Z", "user": 1, "content_type": 2, "object_id": "3", "object_repr": "코딩 능력 시험", "action_flag": 2, "change_message": "[{\"changed\": {\"fields\": [\"\\uc81c\\ud55c \\uc2dc\\uac04(\\ubd84)\"]}}]"}}, {"model": "admin.logentry", "pk": 76, "fields": {"action_time": "2025-10-12T08:42:30.112Z", "user": 1, "content_type": 12, "object_id": "11", "object_repr": "admin의 '코딩 능력 시험' 3차 요청 (승인됨)", "action_flag": 2, "change_message": "[{\"changed\": {\"fields\": [\"Status\"]}}]"}}, {"model": "admin.logentry", "pk": 77, "fields": {"action_time": "2025-10-12T08:50:40.341Z", "user": 1, "content_type": 12, "object_id": "11", "object_repr": "admin의 '코딩 능력 시험' 3차 요청 (승인됨)", "action_flag": 2, "change_message": "[{\"changed\": {\"fields\": [\"Status\"]}}]"}}, {"model": "admin.logentry", "pk": 78, "fields": {"action_time": "2025-10-12T08:51:12.903Z", "user": 1, "content_type": 2, "object_id": "3", "object_repr": "코딩 능력 시험", "action_flag": 2, "change_message": "[{\"changed\": {\"fields\": [\"\\uc81c\\ud55c \\uc2dc\\uac04(\\ubd84)\"]}}]"}}, {"model": "admin.logentry", "pk": 79, "fields": {"action_time": "2025-10-12T08:51:45.320Z", "user": 1, "content_type": 2, "object_id": "3", "object_repr": "코딩 능력 시험", "action_flag": 2, "change_message": "[{\"changed\": {\"fields\": [\"\\uc81c\\ud55c \\uc2dc\\uac04(\\ubd84)\"]}}]"}}, {"model": "admin.logentry", "pk": 80, "fields": {"action_time": "2025-10-12T08:57:14.217Z", "user": 1, "content_type": 12, "object_id": "11", "object_repr": "admin의 '코딩 능력 시험' 3차 요청 (승인됨)", "action_flag": 2, "change_message": "[{\"changed\": {\"fields\": [\"Status\"]}}]"}}, {"model": "admin.logentry", "pk": 81, "fields": {"action_time": "2025-10-12T09:04:16.582Z", "user": 1, "content_type": 2, "object_id": "3", "object_repr": "코딩 능력 시험", "action_flag": 2, "change_message": "[{\"changed\": {\"fields\": [\"\\uc81c\\ud55c \\uc2dc\\uac04(\\ubd84)\"]}}]"}}, {"model": "admin.logentry", "pk": 82, "fields": {"action_time": "2025-10-12T09:13:12.627Z", "user": 1, "content_type": 2, "object_id": "3", "object_repr": "코딩 능력 시험", "action_flag": 2, "change_message": "[{\"changed\": {\"fields\": [\"\\uc81c\\ud55c \\uc2dc\\uac04(\\ubd84)\"]}}]"}}, {"model": "admin.logentry", "pk": 83, "fields": {"action_time": "2025-10-12T09:34:07.887Z", "user": 1, "content_type": 12, "object_id": "11", "object_repr": "admin의 '코딩 능력 시험' 3차 요청 (승인됨)", "action_flag": 2, "change_message": "[{\"changed\": {\"fields\": [\"Status\"]}}]"}}, {"model": "admin.logentry", "pk": 84, "fields": {"action_time": "2025-10-12T09:42:29.693Z", "user": 1, "content_type": 12, "object_id": "11", "object_repr": "admin의 '코딩 능력 시험' 3차 요청 (승인됨)", "action_flag": 2, "change_message": "[{\"changed\": {\"fields\": [\"Status\"]}}]"}}, {"model": "admin.logentry", "pk": 85, "fields": {"action_time": "2025-10-12T09:47:08.536Z", "user": 1, "content_type": 12, "object_id": "11", "object_repr": "admin의 '코딩 능력 시험' 3차 요청 (승인됨)", "action_flag": 2, "change_message": "[{\"changed\": {\"fields\": [\"Status\"]}}]"}}, {"model": "admin.logentry", "pk": 86, "fields": {"action_time": "2025-10-12T09:52:26.454Z", "user": 1, "content_type": 12, "object_id": "11", "object_repr": "admin의 '코딩 능력 시험' 3차 요청 (승인됨)", "action_flag": 2, "change_message": "[{\"changed\": {\"fields\": [\"Status\"]}}]"}}, {"model": "admin.logentry", "pk": 87, "fields": {"action_time": "2025-10-12T09:58:56.767Z", "user": 1, "content_type": 12, "object_id": "11", "object_repr": "admin의 '코딩 능력 시험' 3차 요청 (승인됨)", "action_flag": 2, "change_message": "[{\"changed\": {\"fields\": [\"Status\"]}}]"}}, {"model": "admin.logentry", "pk": 88, "fields": {"action_time": "2025-10-12T10:11:47.046Z", "user": 1, "content_type": 12, "object_id": "11", "object_repr": "admin의 '코딩 능력 시험' 3차 요청 (승인됨)", "action_flag": 2, "change_message": "[{\"changed\": {\"fields\": [\"Status\"]}}]"}}, {"model": "admin.logentry", "pk": 89, "fields": {"action_time": "2025-10-12T10:16:49.547Z", "user": 1, "content_type": 12, "object_id": "11", "object_repr": "admin의 '코딩 능력 시험' 3차 요청 (승인됨)", "action_flag": 2, "change_message": "[{\"changed\": {\"fields\": [\"Status\"]}}]"}}, {"model": "admin.logentry", "pk": 90, "fields": {"action_time": "2025-10-12T10:19:33.103Z", "user": 1, "content_type": 12, "object_id": "11", "object_repr": "admin의 '코딩 능력 시험' 3차 요청 (승인됨)", "action_flag": 2, "change_message": "[{\"changed\": {\"fields\": [\"Status\"]}}]"}}, {"model": "admin.logentry", "pk": 91, "fields": {"action_time": "2025-10-12T11:16:22.318Z", "user": 1, "content_type": 15, "object_id": "1", "object_repr": "abs", "action_flag": 1, "change_message": "[{\"added\": {}}]"}}, {"model": "admin.logentry", "pk": 92, "fields": {"action_time": "2025-10-12T11:16:30.388Z", "user": 1, "content_type": 15, "object_id": "2", "object_repr": "abc", "action_flag": 1, "change_message": "[{\"added\": {}}]"}}, {"model": "admin.logentry", "pk": 93, "fields": {"action_time": "2025-10-12T11:16:43.664Z", "user": 1, "content_type": 2, "object_id": "3", "object_repr": "코딩 능력 시험", "action_flag": 2, "change_message": "[{\"changed\": {\"name\": \"2. \\ubb38\\uc81c\", \"object\": \"\\ud30c\\uc774\\uc36c\\uc758 \\ucc3d\\uc2dc\\uc790\\ub294?\", \"fields\": [\"\\ud0dc\\uadf8\"]}}]"}}, {"model": "admin.logentry", "pk": 94, "fields": {"action_time": "2025-10-16T14:19:26.403Z", "user": 1, "content_type": 7, "object_id": "2", "object_repr": "영학", "action_flag": 2, "change_message": "[{\"added\": {\"name\": \"profile\", \"object\": \"\\uc601\\ud559\\uc758 \\ud504\\ub85c\\ud544\"}}]"}}, {"model": "admin.logentry", "pk": 95, "fields": {"action_time": "2025-10-16T15:03:16.641Z", "user": 1, "content_type": 2, "object_id": "3", "object_repr": "코딩 능력 시험", "action_flag": 2, "change_message": "[{\"changed\": {\"fields\": [\"\\uc751\\uc2dc \\uac00\\ub2a5 \\uadf8\\ub8f9\"]}}]"}}, {"model": "admin.logentry", "pk": 96, "fields": {"action_time": "2025-10-17T14:05:48.958Z", "user": 1, "content_type": 2, "object_id": "3", "object_repr": "코딩 능력 시험", "action_flag": 2, "change_message": "[{\"changed\": {\"fields\": [\"\\uc751\\uc2dc \\uac00\\ub2a5 \\uadf8\\ub8f9\"]}}]"}}, {"model": "admin.logentry", "pk": 97, "fields": {"action_time": "2025-10-17T14:08:01.881Z", "user": 1, "content_type": 12, "object_id": "14", "object_repr": "영학의 '코딩' 1차 요청 (승인됨)", "action_flag": 2, "change_message": "[{\"changed\": {\"fields\": [\"Status\"]}}]"}}, {"model": "admin.logentry", "pk": 98, "fields": {"action_time": "2025-10-17T14:08:01.883Z", "user": 1, "content_type": 12, "object_id": "12", "object_repr": "admin의 '코딩 능력 시험' 4차 요청 (승인됨)", "action_flag": 2, "change_message": "[{\"changed\": {\"fields\": [\"Status\"]}}]"}}, {"model": "admin.logentry", "pk": 99, "fields": {"action_time": "2025-10-17T14:47:31.242Z", "user": 1, "content_type": 2, "object_id": "3", "object_repr": "코딩 능력 시험", "action_flag": 2, "change_message": "[]"}}, {"model": "admin.logentry", "pk": 100, "fields": {"action_time": "2025-10-18T16:33:28.158Z", "user": 1, "content_type": 12, "object_id": "18", "object_repr": "admin의 '코딩 능력 시험' 5차 요청 (승인됨)", "action_flag": 2, "change_message": "[{\"changed\": {\"fields\": [\"Status\"]}}]"}}, {"model": "admin.logentry", "pk": 101, "fields": {"action_time": "2025-10-18T16:33:28.160Z", "user": 1, "content_type": 12, "object_id": "16", "object_repr": "admin의 '코딩' 3차 요청 (대기중)", "action_flag": 2, "change_message": "[{\"changed\": {\"fields\": [\"Status\"]}}]"}}, {"model": "admin.logentry", "pk": 102, "fields": {"action_time": "2025-10-18T16:33:28.161Z", "user": 1, "content_type": 12, "object_id": "15", "object_repr": "admin의 '코딩2' 3차 요청 (대기중)", "action_flag": 2, "change_message": "[{\"changed\": {\"fields\": [\"Status\"]}}]"}}, {"model": "admin.logentry", "pk": 103, "fields": {"action_time": "2025-10-20T14:03:11.014Z", "user": 1, "content_type": 17, "object_id": "1", "object_repr": "시험 문제에", "action_flag": 1, "change_message": "[{\"added\": {}}]"}}, {"model": "admin.logentry", "pk": 104, "fields": {"action_time": "2025-10-20T14:53:50.985Z", "user": 1, "content_type": 17, "object_id": "2", "object_repr": "코딩 능력 시험 - 류", "action_flag": 1, "change_message": "[{\"added\": {}}]"}}, {"model": "admin.logentry", "pk": 105, "fields": {"action_time": "2025-10-20T14:54:17.597Z", "user": 1, "content_type": 17, "object_id": "2", "object_repr": "코딩 능력 시험 - 류", "action_flag": 2, "change_message": "[{\"changed\": {\"fields\": [\"\\ud3ec\\ud568\\ub41c \\ubb38\\uc81c\\ub4e4\"]}}]"}}, {"model": "admin.logentry", "pk": 106, "fields": {"action_time": "2025-10-20T14:54:28.838Z", "user": 1, "content_type": 2, "object_id": "3", "object_repr": "코딩 능력 시험", "action_flag": 2, "change_message": "[{\"changed\": {\"fields\": [\"\\ubb38\\uc81c \\ucd9c\\uc81c \\ubc29\\uc2dd\"]}}]"}}, {"model": "admin.logentry", "pk": 107, "fields": {"action_time": "2025-10-20T15:05:00.320Z", "user": 1, "content_type": 17, "object_id": "2", "object_repr": "코딩 능력 시험 - 류", "action_flag": 2, "change_message": "[]"}}, {"model": "admin.logentry", "pk": 108, "fields": {"action_time": "2025-10-20T15:07:05.150Z", "user": 1, "content_type": 17, "object_id": "3", "object_repr": "코딩 능력 시험 - ㅁㅁㅁ", "action_flag": 1, "change_message": "[{\"added\": {}}]"}}, {"model": "admin.logentry", "pk": 109, "fields": {"action_time": "2025-10-20T15:07:10.929Z", "user": 1, "content_type": 17, "object_id": "3", "object_repr": "코딩 능력 시험 - ㅁㅁㅁ", "action_flag": 2, "change_message": "[{\"changed\": {\"fields\": [\"\\ud3ec\\ud568\\ub41c \\ubb38\\uc81c\\ub4e4\"]}}]"}}, {"model": "admin.logentry", "pk": 110, "fields": {"action_time": "2025-10-20T15:07:24.555Z", "user": 1, "content_type": 2, "object_id": "3", "object_repr": "코딩 능력 시험", "action_flag": 2, "change_message": "[]"}}, {"model": "admin.logentry", "pk": 111, "fields": {"action_time": "2025-10-20T15:10:41.682Z", "user": 1, "content_type": 2, "object_id": "3", "object_repr": "코딩 능력 시험", "action_flag": 2, "change_message": "[{\"changed\": {\"fields\": [\"\\uc120\\ud0dd\\ub41c \\ubb38\\uc81c \\uc138\\ud2b8\"]}}]"}}, {"model": "admin.logentry", "pk": 112, "fields": {"action_time": "2025-10-20T15:16:49.168Z", "user": 1, "content_type": 2, "object_id": "3", "object_repr": "코딩 능력 시험", "action_flag": 2, "change_message": "[{\"changed\": {\"fields\": [\"\\uc120\\ud0dd\\ub41c \\ubb38\\uc81c \\uc138\\ud2b8\"]}}]"}}, {"model": "admin.logentry", "pk": 113, "fields": {"action_time": "2025-10-20T15:17:06.280Z", "user": 1, "content_type": 2, "object_id": "3", "object_repr": "코딩 능력 시험", "action_flag": 2, "change_message": "[{\"changed\": {\"fields\": [\"\\ubb38\\uc81c \\ucd9c\\uc81c \\ubc29\\uc2dd\"]}}]"}}, {"model": "admin.logentry", "pk": 114, "fields": {"action_time": "2025-10-20T15:54:25.235Z", "user": 1, "content_type": 12, "object_id": "20", "object_repr": "admin의 '코딩2' 4차 요청 (승인됨)", "action_flag": 2, "change_message": "[{\"changed\": {\"fields\": [\"Status\"]}}]"}}, {"model": "admin.logentry", "pk": 115, "fields": {"action_time": "2025-10-31T14:16:18.885Z", "user": 1, "content_type": 6, "object_id": "4", "object_repr": "교수진", "action_flag": 1, "change_message": "[{\"added\": {}}]"}}, {"model": "admin.logentry", "pk": 116, "fields": {"action_time": "2025-10-31T14:16:37.333Z", "user": 1, "content_type": 6, "object_id": "4", "object_repr": "교수진", "action_flag": 2, "change_message": "[]"}}, {"model": "admin.logentry", "pk": 117, "fields": {"action_time": "2025-10-31T14:16:38.788Z", "user": 1, "content_type": 6, "object_id": "4", "object_repr": "교수진", "action_flag": 2, "change_message": "[]"}}, {"model": "admin.logentry", "pk": 118, "fields": {"action_time": "2025-10-31T14:34:55.543Z", "user": 1, "content_type": 6, "object_id": "4", "object_repr": "교수진", "action_flag": 2, "change_message": "[{\"changed\": {\"fields\": [\"Permissions\"]}}]"}}, {"model": "admin.logentry", "pk": 119, "fields": {"action_time": "2025-11-01T15:05:29.557Z", "user": 1, "content_type": 18, "object_id": "1", "object_repr": "able", "action_flag": 1, "change_message": "[{\"added\": {}}]"}}, {"model": "admin.logentry", "pk": 120, "fields": {"action_time": "2025-11-01T15:05:35.686Z", "user": 1, "content_type": 18, "object_id": "2", "object_repr": "cws", "action_flag": 1, "change_message": "[{\"added\": {}}]"}}, {"model": "admin.logentry", "pk": 121, "fields": {"action_time": "2025-11-01T15:05:40.004Z", "user": 1, "content_type": 18, "object_id": "3", "object_repr": "hts", "action_flag": 1, "change_message": "[{\"added\": {}}]"}}, {"model": "admin.logentry", "pk": 122, "fields": {"action_time": "2025-11-01T15:07:20.903Z", "user": 1, "content_type": 7, "object_id": "2", "object_repr": "영학", "action_flag": 2, "change_message": "[{\"changed\": {\"name\": \"profile\", \"object\": \"\\uc601\\ud559\\uc758 \\ud504\\ub85c\\ud544\", \"fields\": [\"\\uc18c\\uc18d \\ud68c\\uc0ac\"]}}]"}}, {"model": "admin.logentry", "pk": 123, "fields": {"action_time": "2025-11-01T15:38:33.513Z", "user": 1, "content_type": 7, "object_id": "6", "object_repr": "younghak", "action_flag": 2, "change_message": "[{\"changed\": {\"fields\": [\"Email address\"]}}]"}}, {"model": "admin.logentry", "pk": 124, "fields": {"action_time": "2025-11-01T17:27:25.125Z", "user": 1, "content_type": 19, "object_id": "1", "object_repr": "https://vigilant-space-funicular-6949p6wj7x4gfr94p-8000.app.github.dev/admin/sites/site/", "action_flag": 2, "change_message": "[{\"changed\": {\"fields\": [\"Domain name\"]}}]"}}, {"model": "admin.logentry", "pk": 125, "fields": {"action_time": "2025-11-01T17:30:41.109Z", "user": 1, "content_type": 19, "object_id": "1", "object_repr": "vigilant-space-funicular-6949p6wj7x4gfr94p-8000.app.github.dev/", "action_flag": 2, "change_message": "[{\"changed\": {\"fields\": [\"Domain name\"]}}]"}}, {"model": "admin.logentry", "pk": 126, "fields": {"action_time": "2025-11-08T17:23:28.492Z", "user": 1, "content_type": 20, "object_id": "1", "object_repr": "aaa - 연차", "action_flag": 1, "change_message": "[{\"added\": {}}]"}}, {"model": "admin.logentry", "pk": 127, "fields": {"action_time": "2025-11-08T17:23:58.101Z", "user": 1, "content_type": 20, "object_id": "2", "object_repr": "aaa - 시상", "action_flag": 1, "change_message": "[{\"added\": {}}]"}}, {"model": "admin.logentry", "pk": 128, "fields": {"action_time": "2025-11-08T17:42:15.983Z", "user": 1, "content_type": 20, "object_id": "3", "object_repr": "영학 - 출결", "action_flag": 3, "change_message": ""}}, {"model": "admin.logentry", "pk": 129, "fields": {"action_time": "2025-11-08T17:42:15.984Z", "user": 1, "content_type": 20, "object_id": "2", "object_repr": "aaa - 시상", "action_flag": 3, "change_message": ""}}, {"model": "admin.logentry", "pk": 130, "fields": {"action_time": "2025-11-08T17:42:15.984Z", "user": 1, "content_type": 20, "object_id": "1", "object_repr": "aaa - 연차", "action_flag": 3, "change_message": ""}}, {"model": "admin.logentry", "pk": 131, "fields": {"action_time": "2025-11-09T08:46:12.990Z", "user": 1, "content_type": 24, "object_id": "1", "object_repr": "지각", "action_flag": 1, "change_message": "[{\"added\": {}}]"}}, {"model": "admin.logentry", "pk": 132, "fields": {"action_time": "2025-11-09T08:47:50.846Z", "user": 1, "content_type": 20, "object_id": "1", "object_repr": "admin - 지각", "action_flag": 1, "change_message": "[{\"added\": {}}]"}}, {"model": "admin.logentry", "pk": 133, "fields": {"action_time": "2025-11-09T10:45:55.865Z", "user": 1, "content_type": 12, "object_id": "22", "object_repr": "admin의 '코딩2' 5차 요청 (승인됨)", "action_flag": 2, "change_message": "[{\"changed\": {\"fields\": [\"Status\"]}}]"}}, {"model": "admin.logentry", "pk": 134, "fields": {"action_time": "2025-11-09T10:47:59.802Z", "user": 1, "content_type": 12, "object_id": "21", "object_repr": "admin의 '코딩 능력 시험' 7차 요청 (대기중)", "action_flag": 2, "change_message": "[{\"changed\": {\"fields\": [\"Status\"]}}]"}}, {"model": "admin.logentry", "pk": 135, "fields": {"action_time": "2025-11-09T10:47:59.804Z", "user": 1, "content_type": 12, "object_id": "19", "object_repr": "admin의 '코딩 능력 시험' 6차 요청 (대기중)", "action_flag": 2, "change_message": "[{\"changed\": {\"fields\": [\"Status\"]}}]"}}, {"model": "admin.logentry", "pk": 136, "fields": {"action_time": "2025-11-09T10:49:12.979Z", "user": 1, "content_type": 12, "object_id": "19", "object_repr": "admin의 '코딩 능력 시험' 6차 요청 (완료됨)", "action_flag": 2, "change_message": "[{\"changed\": {\"fields\": [\"Status\"]}}]"}}, {"model": "admin.logentry", "pk": 137, "fields": {"action_time": "2025-11-09T10:49:12.981Z", "user": 1, "content_type": 12, "object_id": "16", "object_repr": "admin의 '코딩' 3차 요청 (대기중)", "action_flag": 2, "change_message": "[{\"changed\": {\"fields\": [\"Status\"]}}]"}}, {"model": "admin.logentry", "pk": 138, "fields": {"action_time": "2025-11-09T10:55:45.973Z", "user": 1, "content_type": 12, "object_id": "22", "object_repr": "admin의 '코딩2' 5차 요청 (완료됨)", "action_flag": 2, "change_message": "[{\"changed\": {\"fields\": [\"Status\"]}}]"}}, {"model": "admin.logentry", "pk": 139, "fields": {"action_time": "2025-11-09T10:55:45.975Z", "user": 1, "content_type": 12, "object_id": "21", "object_repr": "admin의 '코딩 능력 시험' 7차 요청 (완료됨)", "action_flag": 2, "change_message": "[{\"changed\": {\"fields\": [\"Status\"]}}]"}}, {"model": "admin.logentry", "pk": 140, "fields": {"action_time": "2025-11-09T10:55:45.976Z", "user": 1, "content_type": 12, "object_id": "17", "object_repr": "영학의 '코딩 능력 시험' 3차 요청 (완료됨)", "action_flag": 2, "change_message": "[{\"changed\": {\"fields\": [\"Status\"]}}]"}}, {"model": "admin.logentry", "pk": 141, "fields": {"action_time": "2025-11-09T10:55:45.977Z", "user": 1, "content_type": 12, "object_id": "16", "object_repr": "admin의 '코딩' 3차 요청 (완료됨)", "action_flag": 2, "change_message": "[{\"changed\": {\"fields\": [\"Status\"]}}]"}}, {"model": "admin.logentry", "pk": 142, "fields": {"action_time": "2025-11-09T10:55:45.979Z", "user": 1, "content_type": 12, "object_id": "14", "object_repr": "영학의 '코딩' 1차 요청 (완료됨)", "action_flag": 2, "change_message": "[{\"changed\": {\"fields\": [\"Status\"]}}]"}}, {"model": "admin.logentry", "pk": 143, "fields": {"action_time": "2025-11-09T10:55:45.980Z", "user": 1, "content_type": 12, "object_id": "13", "object_repr": "영학의 '코딩 능력 시험' 2차 요청 (완료됨)", "action_flag": 2, "change_message": "[{\"changed\": {\"fields\": [\"Status\"]}}]"}}, {"model": "admin.logentry", "pk": 144, "fields": {"action_time": "2025-11-09T10:55:45.981Z", "user": 1, "content_type": 12, "object_id": "8", "object_repr": "admin의 '코딩' 2차 요청 (완료됨)", "action_flag": 2, "change_message": "[{\"changed\": {\"fields\": [\"Status\"]}}]"}}, {"model": "admin.logentry", "pk": 145, "fields": {"action_time": "2025-11-09T10:55:45.982Z", "user": 1, "content_type": 12, "object_id": "5", "object_repr": "영학의 '코딩2' 0차 요청 (완료됨)", "action_flag": 2, "change_message": "[{\"changed\": {\"fields\": [\"Status\"]}}]"}}, {"model": "admin.logentry", "pk": 146, "fields": {"action_time": "2025-11-09T10:55:45.983Z", "user": 1, "content_type": 12, "object_id": "4", "object_repr": "영학의 '코딩 능력 시험' 0차 요청 (완료됨)", "action_flag": 2, "change_message": "[{\"changed\": {\"fields\": [\"Status\"]}}]"}}, {"model": "admin.logentry", "pk": 147, "fields": {"action_time": "2025-11-11T10:21:43.652Z", "user": 1, "content_type": 23, "object_id": "1", "object_repr": "asd", "action_flag": 1, "change_message": "[{\"added\": {}}]"}}, {"model": "admin.logentry", "pk": 148, "fields": {"action_time": "2025-11-11T10:34:40.516Z", "user": 1, "content_type": 22, "object_id": "1", "object_repr": "류영학", "action_flag": 1, "change_message": "[{\"added\": {}}]"}}, {"model": "admin.logentry", "pk": 149, "fields": {"action_time": "2025-11-11T13:41:19.937Z", "user": 1, "content_type": 22, "object_id": "1", "object_repr": "류영학", "action_flag": 2, "change_message": "[]"}}, {"model": "admin.logentry", "pk": 150, "fields": {"action_time": "2025-11-11T13:41:33.197Z", "user": 1, "content_type": 22, "object_id": "2", "object_repr": "류", "action_flag": 1, "change_message": "[{\"added\": {}}]"}}, {"model": "admin.logentry", "pk": 151, "fields": {"action_time": "2025-11-13T09:48:42.436Z", "user": 1, "content_type": 16, "object_id": "9", "object_repr": "퍼펙트", "action_flag": 1, "change_message": "[{\"added\": {}}]"}}, {"model": "admin.logentry", "pk": 152, "fields": {"action_time": "2025-11-13T09:49:08.310Z", "user": 1, "content_type": 16, "object_id": "10", "object_repr": "지니어스", "action_flag": 1, "change_message": "[{\"added\": {}}]"}}, {"model": "admin.logentry", "pk": 153, "fields": {"action_time": "2025-11-13T09:49:29.847Z", "user": 1, "content_type": 16, "object_id": "10", "object_repr": "빵점...?!", "action_flag": 2, "change_message": "[{\"changed\": {\"fields\": [\"\\ubc43\\uc9c0 \\uc774\\ub984\", \"\\ud68d\\ub4dd \\uc870\\uac74 \\uc124\\uba85\"]}}]"}}, {"model": "admin.logentry", "pk": 154, "fields": {"action_time": "2025-11-13T09:49:43.226Z", "user": 1, "content_type": 16, "object_id": "11", "object_repr": "지니어스", "action_flag": 1, "change_message": "[{\"added\": {}}]"}}, {"model": "admin.logentry", "pk": 155, "fields": {"action_time": "2025-11-13T09:50:17.499Z", "user": 1, "content_type": 16, "object_id": "12", "object_repr": "아차상", "action_flag": 1, "change_message": "[{\"added\": {}}]"}}, {"model": "admin.logentry", "pk": 156, "fields": {"action_time": "2025-11-13T09:50:26.930Z", "user": 1, "content_type": 16, "object_id": "13", "object_repr": "절반의 성공", "action_flag": 1, "change_message": "[{\"added\": {}}]"}}, {"model": "admin.logentry", "pk": 157, "fields": {"action_time": "2025-11-13T09:50:37.955Z", "user": 1, "content_type": 16, "object_id": "14", "object_repr": "꾸준함", "action_flag": 1, "change_message": "[{\"added\": {}}]"}}, {"model": "admin.logentry", "pk": 158, "fields": {"action_time": "2025-11-13T09:50:56.680Z", "user": 1, "content_type": 16, "object_id": "15", "object_repr": "첫걸음", "action_flag": 1, "change_message": "[{\"added\": {}}]"}}, {"model": "admin.logentry", "pk": 159, "fields": {"action_time": "2025-11-13T09:51:05.698Z", "user": 1, "content_type": 16, "object_id": "16", "object_repr": "연승가도", "action_flag": 1, "change_message": "[{\"added\": {}}]"}}, {"model": "admin.logentry", "pk": 160, "fields": {"action_time": "2025-11-13T09:51:18.400Z", "user": 1, "content_type": 16, "object_id": "17", "object_repr": "공정 마스터", "action_flag": 1, "change_message": "[{\"added\": {}}]"}}, {"model": "admin.logentry", "pk": 161, "fields": {"action_time": "2025-11-13T09:51:29.133Z", "user": 1, "content_type": 16, "object_id": "18", "object_repr": "불사조", "action_flag": 1, "change_message": "[{\"added\": {}}]"}}, {"model": "admin.logentry", "pk": 162, "fields": {"action_time": "2025-11-13T09:51:56.509Z", "user": 1, "content_type": 16, "object_id": "19", "object_repr": "all 100", "action_flag": 1, "change_message": "[{\"added\": {}}]"}}, {"model": "admin.logentry", "pk": 163, "fields": {"action_time": "2025-11-13T09:56:27.709Z", "user": 1, "content_type": 16, "object_id": "20", "object_repr": "뱃지 콜렉터", "action_flag": 1, "change_message": "[{\"added\": {}}]"}}, {"model": "admin.logentry", "pk": 164, "fields": {"action_time": "2025-11-13T10:34:47.744Z", "user": 1, "content_type": 16, "object_id": "20", "object_repr": "뱃지 콜렉터", "action_flag": 2, "change_message": "[]"}}, {"model": "admin.logentry", "pk": 165, "fields": {"action_time": "2025-11-19T15:27:38.038Z", "user": 1, "content_type": 13, "object_id": "1", "object_repr": "Django", "action_flag": 3, "change_message": ""}}, {"model": "auth.group", "pk": 1, "fields": {"name": "기수: 22", "permissions": []}}, {"model": "auth.group", "pk": 2, "fields": {"name": "공정: CMP", "permissions": []}}, {"model": "auth.group", "pk": 3, "fields": {"name": "팀: 22-CMP", "permissions": []}}, {"model": "auth.group", "pk": 4, "fields": {"name": "교수진", "permissions": [53, 54, 56, 21, 22, 23, 24, 26, 28, 9, 10, 11, 12, 65, 66, 67, 68, 1, 2, 3, 4, 5, 6, 7, 8, 45, 46, 47, 48, 57, 58, 59, 60, 41, 42, 43, 44, 37, 38, 39, 40]}}, {"model": "auth.group", "pk": 5, "fields": {"name": "공정: asd", "permissions": []}}, {"model": "auth.group", "pk": 6, "fields": {"name": "회사: able", "permissions": []}}, {"model": "auth.user", "pk": 1, "fields": {"password": "pbkdf2_sha256$1000000$aDmQ6damPWXaI7oiwv32qo$sBlB60aZ/bFawJeo9HGxVknqpZvom40530UYEfuYAxo=", "last_login": "2025-11-21T12:49:00.700Z", "is_superuser": true, "username": "admin", "first_name": "", "last_name": "", "email": "", "is_staff": true, "is_active": true, "date_joined": "2025-09-28T11:13:03.839Z", "groups": [], "user_permissions": []}}, {"model": "auth.user", "pk": 2, "fields": {"password": "pbkdf2_sha256$1000000$Ye4occuWdvMKBQ39yx8weU$NEPY2jxMLPAai6+zBpk6XoZZ12FneJIZyWevrM89NUk=", "last_login": "2025-10-18T17:34:08Z", "is_superuser": false, "username": "영학", "first_name": "", "last_name": "", "email": "", "is_staff": false, "is_active": true, "date_joined": "2025-09-28T14:19:19Z", "groups": [1, 2, 3], "user_permissions": []}}, {"model": "auth.user", "pk": 3, "fields": {"password": "pbkdf2_sha256$1000000$D3KUglmRaSHTUZVffdDo8G$COjNqZ51lJYfrqLlBGsFjMX6LU1AiKjMXKK/pQX/KGQ=", "last_login": null, "is_superuser": false, "username": "영학2", "first_name": "", "last_name": "", "email": "", "is_staff": false, "is_active": false, "date_joined": "2025-09-28T14:30:39.089Z", "groups": [], "user_permissions": []}}, {"model": "auth.user", "pk": 4, "fields": {"password": "pbkdf2_sha256$1000000$HOW71cfMt1IXiucA6RKrOZ$LAINlZacSWz6h89YbS5r/djFCXFIxt3fJ6KJW6NdgLI=", "last_login": "2025-10-09T12:53:18.632Z", "is_superuser": false, "username": "testuser3", "first_name": "", "last_name": "", "email": "", "is_staff": false, "is_active": true, "date_joined": "2025-10-09T12:49:02Z", "groups": [], "user_permissions": []}}, {"model": "auth.user", "pk": 5, "fields": {"password": "pbkdf2_sha256$1000000$bNjRxh77WTjCXewH0zsckt$5FpLaBAmWj9/CN/gEHXxjuQgi4YcGJh4bdMIatnPFyw=", "last_login": null, "is_superuser": false, "username": "aaa", "first_name": "", "last_name": "", "email": "", "is_staff": false, "is_active": false, "date_joined": "2025-10-11T16:29:54.120Z", "groups": [], "user_permissions": []}}, {"model": "auth.user", "pk": 6, "fields": {"password": "pbkdf2_sha256$1000000$BRmNb90Nk83dXEe3d4O1kJ$/niL/TocIWWfF8QjGmkR2yMWLsLp2+jA9mpFrA7/kwA=", "last_login": "2025-11-01T19:35:52.210Z", "is_superuser": true, "username": "younghak", "first_name": "", "last_name": "", "email": "ssc7821@naver.com", "is_staff": true, "is_active": true, "date_joined": "2025-11-01T14:32:54Z", "groups": [], "user_permissions": []}}, {"model": "auth.user", "pk": 7, "fields": {"password": "pbkdf2_sha256$1000000$OMQKqjNgnVTWLiB36vgpYu$bbb7OfkL+HW6h6KgspEY6V5RseKPZ2ejQ2K5m6jPsCI=", "last_login": null, "is_superuser": true, "username": "testadmin", "first_name": "", "last_name": "", "email": "testadmin@example.com", "is_staff": true, "is_active": true, "date_joined": "2025-11-08T17:40:51.501Z", "groups": [], "user_permissions": []}}, {"model": "auth.user", "pk": 8, "fields": {"password": "pbkdf2_sha256$1000000$9qzGtnbAHqApd42de8ogbq$Fm9hLwkGx5/ogBvZnB6EYdvGTwnXDeLHSoS13EC4Sjg=", "last_login": null, "is_superuser": false, "username": "123123", "first_name": "", "last_name": "", "email": "", "is_staff": false, "is_active": false, "date_joined": "2025-11-11T13:45:59.535Z", "groups": [5, 6], "user_permissions": []}}, {"model": "auth.user", "pk": 9, "fields": {"password": "pbkdf2_sha256$1000000$CFtUOUV5MAtG0HPDzePiKC$clUWfuN+PBG9GQiOqfyUb6TPey7MXI2Y3t/oCd4WlaY=", "last_login": "2025-11-13T11:04:39.277Z", "is_superuser": false, "username": "test", "first_name": "", "last_name": "", "email": "ssc7821@naver.com", "is_staff": false, "is_active": true, "date_joined": "2025-11-13T11:03:33.437Z", "groups": [5, 6], "user_permissions": []}}, {"model": "sessions.session", "pk": "3vmqh7uzoe6lppszsvufna0b9xuk6jmh", "fields": {"session_data": ".eJxVjEsOgkAUBO8yazMBBubj0r1nIP0-I6iBhIGV8e5KwkK3XVX9Mj22dei3oks_ijmb2px-NwI_dNqB3DHdZsvztC4j2V2xBy32Oos-L4f7dzCgDN-6zaiUau8lR8dtk1zTUQAzPAdNVCUXQYGglaCNmsAiDk1OcD76zrw_B6k48Q:1vGwhm:j7s9icX5z3innktVtcX1GoIiw1KYawp8PAqFbFeFO_E", "expire_date": "2025-11-06T12:54:58.561Z"}}, {"model": "sessions.session", "pk": "53kjain0he0tp14sv5c9lfudzwy5oa2m", "fields": {"session_data": "e30:1vLjQ2:3UwtMV9rKgevm2yZ8l52AM_0-KcGeHjYZJ9OrGOB1DA", "expire_date": "2025-11-19T17:44:26.111Z"}}, {"model": "sessions.session", "pk": "5ek648vvabbkh3v16g6cy5yorive60v2", "fields": {"session_data": ".eJxVjEsOgkAUBO8yazMBBubj0r1nIP0-I6iBhIGV8e5KwkK3XVX9Mj22dei3oks_ijmb2px-NwI_dNqB3DHdZsvztC4j2V2xBy32Oos-L4f7dzCgDN-6zaiUau8lR8dtk1zTUQAzPAdNVCUXQYGglaCNmsAiDk1OcD76zrw_B6k48Q:1vJVTC:kaYuQedz3EHT9q1dNnjcghxD9A4_5iUq4_Yp-UdZjHE", "expire_date": "2025-11-13T14:26:30.779Z"}}, {"model": "sessions.session", "pk": "5qsf7dnijujd5dmk9tz5bdcqmuxg5nsv", "fields": {"session_data": ".eJxVjEsOgkAUBO8yazMBBubj0r1nIP0-I6iBhIGV8e5KwkK3XVX9Mj22dei3oks_ijmb2px-NwI_dNqB3DHdZsvztC4j2V2xBy32Oos-L4f7dzCgDN-6zaiUau8lR8dtk1zTUQAzPAdNVCUXQYGglaCNmsAiDk1OcD76zrw_B6k48Q:1vIQS8:MvMCZucQTF3nlaiq4C5T84QLkRDbGcY5b5jiCAcr-Qg", "expire_date": "2025-11-10T14:52:56.502Z"}}, {"model": "sessions.session", "pk": "bq7rxzlzuafv4jpupl49tg2atqc2eu2q", "fields": {"session_data": ".eJxVjEsOgkAUBO8yazMBBubj0r1nIP0-I6iBhIGV8e5KwkK3XVX9Mj22dei3oks_ijmb2px-NwI_dNqB3DHdZsvztC4j2V2xBy32Oos-L4f7dzCgDN-6zaiUau8lR8dtk1zTUQAzPAdNVCUXQYGglaCNmsAiDk1OcD76zrw_B6k48Q:1vJ8ko:s5TjbwWDFOWrqsfORgvRlufI_vLYdry_6T43ZOpzoMg", "expire_date": "2025-11-12T14:11:10.897Z"}}, {"model": "sessions.session", "pk": "ccq0db5e83gecy9cz4pex4v9k8f4nffo", "fields": {"session_data": "e30:1vLjPc:-oNO9uNDejIh6kC1c_SrvlvDnfgrMwhNCmLE_Vo00cQ", "expire_date": "2025-11-19T17:44:00.267Z"}}, {"model": "sessions.session", "pk": "cnnp7u0ecfbiesrjom9f9p65so8vja40", "fields": {"session_data": ".eJxVjDsOwjAQBe_iGlnr-BtKes5gbXbXOIAcKZ8KcXeIlALaNzPvpTJua83bInMeWZ1Vp06_24D0kLYDvmO7TZqmts7joHdFH3TR14nleTncv4OKS_3W3jgC6xCkgLhg-xCEmDvwoQcPnmLBRFZ8SMUzD5wIySKZFI0LENX7A9mVN80:1v2sRp:PNFeS7R8FrNpgqVqbrR5fTrnIrwujAFMCX-D9HOppJ4", "expire_date": "2025-10-12T14:32:21.273Z"}}, {"model": "sessions.session", "pk": "cul9cf71z1qvpmiz6iddgxezcke0q8fd", "fields": {"session_data": ".eJxVjEsOgkAUBO8yazMBBubj0r1nIP0-I6iBhIGV8e5KwkK3XVX9Mj22dei3oks_ijmb2px-NwI_dNqB3DHdZsvztC4j2V2xBy32Oos-L4f7dzCgDN-6zaiUau8lR8dtk1zTUQAzPAdNVCUXQYGglaCNmsAiDk1OcD76zrw_B6k48Q:1vM4ws:RClp6xc6XZy_J0YdiksjmS2n0bWX27Fv1PvyP0_RlO4", "expire_date": "2025-11-20T16:43:46.617Z"}}, {"model": "sessions.session", "pk": "cxjm2j3e32di61t9pnfjhcfhdssx1fqd", "fields": {"session_data": ".eJxVjEsOgkAUBO8yazMBBubj0r1nIP0-I6iBhIGV8e5KwkK3XVX9Mj22dei3oks_ijmb2px-NwI_dNqB3DHdZsvztC4j2V2xBy32Oos-L4f7dzCgDN-6zaiUau8lR8dtk1zTUQAzPAdNVCUXQYGglaCNmsAiDk1OcD76zrw_B6k48Q:1vJU4t:chKhCjI4BhF9HdUB9jiu-FaqWb09Cvm80uPFXJCnRg4", "expire_date": "2025-11-13T12:57:19.041Z"}}, {"model": "sessions.session", "pk": "ej0h78s8m8vrhv9cea0frvdbjbjmdvgi", "fields": {"session_data": ".eJxVjEsOgkAUBO8yazMBBubj0r1nIP0-I6iBhIGV8e5KwkK3XVX9Mj22dei3oks_ijmb2px-NwI_dNqB3DHdZsvztC4j2V2xBy32Oos-L4f7dzCgDN-6zaiUau8lR8dtk1zTUQAzPAdNVCUXQYGglaCNmsAiDk1OcD76zrw_B6k48Q:1vFIJR:isvLGbuqHiwjyQRm01TIPjgfzxgNECu0UU3arMCME4M", "expire_date": "2025-11-01T23:35:01.490Z"}}, {"model": "sessions.session", "pk": "g3jl9f0mt98a6b4vmkhelti1mzw8d85z", "fields": {"session_data": ".eJxVjEsOgkAUBO8yazMBBubj0r1nIP0-I6iBhIGV8e5KwkK3XVX9Mj22dei3oks_ijmb2px-NwI_dNqB3DHdZsvztC4j2V2xBy32Oos-L4f7dzCgDN-6zaiUau8lR8dtk1zTUQAzPAdNVCUXQYGglaCNmsAiDk1OcD76zrw_B6k48Q:1vI3es:0VQkLE5MjgKFXH9nn3Qwy0GdJVAuRJb3cCWeJ5aWr8g", "expire_date": "2025-11-09T14:32:34.061Z"}}, {"model": "sessions.session", "pk": "lv8rcme9sbpvm0m8sj052rrbafcbg5d3", "fields": {"session_data": ".eJxVjEsOgkAUBO8yazMBBubj0r1nIP0-I6iBhIGV8e5KwkK3XVX9Mj22dei3oks_ijmb2px-NwI_dNqB3DHdZsvztC4j2V2xBy32Oos-L4f7dzCgDN-6zaiUau8lR8dtk1zTUQAzPAdNVCUXQYGglaCNmsAiDk1OcD76zrw_B6k48Q:1vHp7w:FwyDQ8cWJBqKAyQ1iTDH9yAy4fqM87OXSZfSBWFA-t8", "expire_date": "2025-11-08T23:01:36.454Z"}}, {"model": "sessions.session", "pk": "mm90e0t0oj647n7mksiwxvzisqbkwzpw", "fields": {"session_data": ".eJxVjEsOgkAUBO8yazMBBubj0r1nIP0-I6iBhIGV8e5KwkK3XVX9Mj22dei3oks_ijmb2px-NwI_dNqB3DHdZsvztC4j2V2xBy32Oos-L4f7dzCgDN-6zaiUau8lR8dtk1zTUQAzPAdNVCUXQYGglaCNmsAiDk1OcD76zrw_B6k48Q:1vErVq:2Ng8o2wfJg5mjLFOsoJnWcKFSvQw1w5IlyFAk7B0dYA", "expire_date": "2025-10-31T18:58:02.760Z"}}, {"model": "sessions.session", "pk": "sukbsctsmr1l7k7bmzwoty85btmx4cvp", "fields": {"session_data": ".eJxVjEsOgkAUBO8yazMBBubj0r1nIP0-I6iBhIGV8e5KwkK3XVX9Mj22dei3oks_ijmb2px-NwI_dNqB3DHdZsvztC4j2V2xBy32Oos-L4f7dzCgDN-6zaiUau8lR8dtk1zTUQAzPAdNVCUXQYGglaCNmsAiDk1OcD76zrw_B6k48Q:1vMQZQ:3eYqvuOabw9IUauyBH6DOrxlQlArL1l4V6P_B8uKSlM", "expire_date": "2025-11-21T15:49:00.945Z"}}, {"model": "sessions.session", "pk": "uti9ibzgxjedby0rql5fi0581zrlohqi", "fields": {"session_data": ".eJxVjEsOgkAUBO8yazMBBubj0r1nIP0-I6iBhIGV8e5KwkK3XVX9Mj22dei3oks_ijmb2px-NwI_dNqB3DHdZsvztC4j2V2xBy32Oos-L4f7dzCgDN-6zaiUau8lR8dtk1zTUQAzPAdNVCUXQYGglaCNmsAiDk1OcD76zrw_B6k48Q:1vLlOe:5mQlR-4ZwJwQLTUtSA5c-Bb-dj_0T3Fa7UDcwIhOomM", "expire_date": "2025-11-19T19:51:08.395Z"}}, {"model": "sites.site", "pk": 1, "fields": {"domain": "vigilant-space-funicular-6949p6wj7x4gfr94p-8000.app.github.dev/", "name": "example.com"}}, {"model": "accounts.company", "pk": 1, "fields": {"name": "able"}}, {"model": "accounts.company", "pk": 2, "fields": {"name": "cws"}}, {"model": "accounts.company", "pk": 3, "fields": {"name": "hts"}}, {"model": "accounts.badge", "pk": 1, "fields": {"name": "노력의 결실", "description": "같은 시험의 첫 점수보다 30점 이상 점수를 올렸습니다.", "image": ""}}, {"model": "accounts.badge", "pk": 2, "fields": {"name": "아슬아슬", "description": "60~65점 사이의 점수를 획득했습니다.", "image": ""}}, {"model": "accounts.badge", "pk": 3, "fields": {"name": "괜찮아, 다시 하면 돼", "description": "30점 이하의 점수를 획득했습니다. 다음엔 더 잘할 수 있어요!", "image": ""}}, {"model": "accounts.badge", "pk": 4, "fields": {"name": "완벽한 시작", "description": "처음으로 100점을 달성했습니다.", "image": ""}}, {"model": "accounts.badge", "pk": 5, "fields": {"name": "정복자", "description": "사이트의 모든 종류의 시험에 응시했습니다.", "image": ""}}, {"model": "accounts.badge", "pk": 6, "fields": {"name": "수집가", "description": "5개 이상의 뱃지를 획득했습니다.", "image": ""}}, {"model": "accounts.badge", "pk": 7, "fields": {"name": "성실한 응시자", "description": "총 시험 응시 횟수 10회를 돌파했습니다.", "image": ""}}, {"model": "accounts.badge", "pk": 8, "fields": {"name": "재도전자", "description": "같은 종류의 시험에 3회 이상 응시했습니다.", "image": ""}}, {"model": "accounts.badge", "pk": 9, "fields": {"name": "퍼펙트", "description": "100점으로 시험을 통과했습니다.", "image": ""}}, {"model": "accounts.badge", "pk": 10, "fields": {"name": "빵점...?!", "description": "0점을 받았습니다.", "image": ""}}, {"model": "accounts.badge", "pk": 11, "fields": {"name": "지니어스", "description": "'상' 난이도 시험에서 90점 이상을 받았습니다.", "image": ""}}, {"model": "accounts.badge", "pk": 12, "fields": {"name": "아차상", "description": "96점 또는 92점을 받았습니다.", "image": ""}}, {"model": "accounts.badge", "pk": 13, "fields": {"name": "절반의 성공", "description": "정확히 50점을 받았습니다.", "image": ""}}, {"model": "accounts.badge", "pk": 14, "fields": {"name": "꾸준함", "description": "3일 연속으로 사이트에 접속하여 시험에 응시했습니다.", "image": ""}}, {"model": "accounts.badge", "pk": 15, "fields": {"name": "첫걸음", "description": "첫 번째 시험을 완료했습니다.", "image": ""}}, {"model": "accounts.badge", "pk": 16, "fields": {"name": "연승가도", "description": "3개의 시험을 연속으로 합격(Pass)했습니다.", "image": ""}}, {"model": "accounts.badge", "pk": 17, "fields": {"name": "공정 마스터", "description": "특정 공정(예: CMP) 카테고리의 시험을 3개 이상 완료했습니다.", "image": ""}}, {"model": "accounts.badge", "pk": 18, "fields": {"name": "불사조", "description": "불합격(Fail)했던 시험에 다시 도전하여 합격(Pass)했습니다.", "image": ""}}, {"model": "accounts.badge", "pk": 19, "fields": {"name": "all 100", "description": "모든 시험에서 100점을 받습니다.", "image": ""}}, {"model": "accounts.badge", "pk": 20, "fields": {"name": "뱃지 콜렉터", "description": "10개 이상의 뱃지를 획득했습니다.", "image": ""}}, {"model": "accounts.process", "pk": 1, "fields": {"name": "asd"}}, {"model": "accounts.partleader", "pk": 1, "fields": {"name": "류영학", "email": "sa@asd.com", "company": 1, "process": 1}}, {"model": "accounts.partleader", "pk": 2, "fields": {"name": "류", "email": "ssc7821@naver.com", "company": 2, "process": null}}, {"model": "accounts.recordtype", "pk": 1, "fields": {"name": "지각"}}, {"model": "accounts.profile", "pk": 1, "fields": {"user": 5, "company": null, "name": "ㄴ", "employee_id": "ㄴ", "cohort": null, "process": null, "line": null, "pl": null, "ai_summary": null, "is_profile_complete": false, "badges": []}}, {"model": "accounts.profile", "pk": 2, "fields": {"user": 2, "company": 1, "name": "dd", "employee_id": "21", "cohort": null, "process": null, "line": null, "pl": null, "ai_summary": null, "is_profile_complete": false, "badges": [1, 2, 3, 4, 5, 6]}}, {"model": "accounts.profile", "pk": 3, "fields": {"user": 1, "company": null, "name": "", "employee_id": "", "cohort": null, "process": null, "line": null, "pl": null, "ai_summary": null, "is_profile_complete": false, "badges": [1, 2, 3, 4, 5, 6, 7, 8]}}, {"model": "accounts.profile", "pk": 4, "fields": {"user": 6, "company": null, "name": "", "employee_id": "", "cohort": null, "process": null, "line": null, "pl": null, "ai_summary": null, "is_profile_complete": false, "badges": []}}, {"model": "accounts.profile", "pk": 5, "fields": {"user": 8, "company": 1, "name": "ㅁㄴㅇ", "employee_id": "ㅁㄴㅇㅁㄴㅇ", "cohort": null, "process": 1, "line": null, "pl": 1, "ai_summary": null, "is_profile_complete": false, "badges": []}}, {"model": "accounts.profile", "pk": 6, "fields": {"user": 9, "company": 1, "name": "ㅁㄴㅇ", "employee_id": "ㅁㄴㅇㅁㄴㅇ", "cohort": null, "process": 1, "line": null, "pl": 1, "ai_summary": null, "is_profile_complete": true, "badges": []}}, {"model": "accounts.evaluationrecord", "pk": 1, "fields": {"profile": 3, "record_type": 1, "description": "몇일 날 지각", "created_at": "2025-11-09T08:47:50.845Z"}}, {"model": "quiz.tag", "pk": 1, "fields": {"name": "abs"}}, {"model": "quiz.tag", "pk": 2, "fields": {"name": "abc"}}, {"model": "quiz.quiz", "pk": 1, "fields": {"title": "코딩", "category": "공통", "associated_process": null, "generation_method": "랜덤", "exam_sheet": null, "allowed_groups": [], "allowed_users": [], "required_tags": []}}, {"model": "quiz.quiz", "pk": 2, "fields": {"title": "코딩2", "category": "공통", "associated_process": null, "generation_method": "랜덤", "exam_sheet": null, "allowed_groups": [], "allowed_users": [], "required_tags": []}}, {"model": "quiz.quiz", "pk": 3, "fields": {"title": "코딩 능력 시험", "category": "공통", "associated_process": null, "generation_method": "랜덤", "exam_sheet": 3, "allowed_groups": [2], "allowed_users": [], "required_tags": []}}, {"model": "quiz.question", "pk": 1, "fields": {"question_type": "객관식", "quiz": 2, "question_text": "파이썬의 창시자는 누구인가요?", "difficulty": "하", "image": "", "tags": []}}, {"model": "quiz.question", "pk": 2, "fields": {"question_type": "객관식", "quiz": 1, "question_text": "파이썬의 창시자는 누dssf구인가요?", "difficulty": "중", "image": "", "tags": []}}, {"model": "quiz.question", "pk": 3, "fields": {"question_type": "객관식", "quiz": 1, "question_text": "파이썬의 창시자는 누dssf구인가요?sa", "difficulty": "하", "image": "", "tags": []}}, {"model": "quiz.question", "pk": 4, "fields": {"question_type": "객관식", "quiz": 3, "question_text": "파이썬의 창시자는?", "difficulty": "하", "image": "", "tags": [1]}}, {"model": "quiz.question", "pk": 5, "fields": {"question_type": "객관식", "quiz": 3, "question_text": "Django의 'M'은 무엇의 약자인가?", "difficulty": "중", "image": "", "tags": []}}, {"model": "quiz.question", "pk": 6, "fields": {"question_type": "객관식", "quiz": 3, "question_text": "이미지 시험", "difficulty": "하", "image": "quiz_images/download.png", "tags": []}}, {"model": "quiz.question", "pk": 8, "fields": {"question_type": "다중선택", "quiz": 3, "question_text": "이미지 시험2", "difficulty": "하", "image": "", "tags": []}}, {"model": "quiz.question", "pk": 9, "fields": {"question_type": "주관식", "quiz": 3, "question_text": "퇴근", "difficulty": "하", "image": "", "tags": []}}, {"model": "quiz.examsheet", "pk": 1, "fields": {"quiz": 1, "name": "시험 문제에", "questions": [1, 5, 6]}}, {"model": "quiz.examsheet", "pk": 2, "fields": {"quiz": 3, "name": "류", "questions": [6, 9]}}, {"model": "quiz.examsheet", "pk": 3, "fields": {"quiz": 3, "name": "ㅁㅁㅁ", "questions": [4]}}, {"model": "quiz.choice", "pk": 1, "fields": {"question": 1, "choice_text": "귀도 반 로섬", "is_correct": true, "image": ""}}, {"model": "quiz.choice", "pk": 2, "fields": {"question": 1, "choice_text": "귀도 반", "is_correct": false, "image": ""}}, {"model": "quiz.choice", "pk": 3, "fields": {"question": 2, "choice_text": "sda", "is_correct": true, "image": ""}}, {"model": "quiz.choice", "pk": 4, "fields": {"question": 2, "choice_text": "asd", "is_correct": false, "image": ""}}, {"model": "quiz.choice", "pk": 5, "fields": {"question": 2, "choice_text": "aaaaa", "is_correct": false, "image": ""}}, {"model": "quiz.choice", "pk": 6, "fields": {"question": 3, "choice_text": "asdaaa", "is_correct": true, "image": ""}}, {"model": "quiz.choice", "pk": 7, "fields": {"question": 3, "choice_text": "ss", "is_correct": false, "image": ""}}, {"model": "quiz.choice", "pk": 8, "fields": {"question": 1, "choice_text": "귀도 반 로섬", "is_correct": false, "image": ""}}, {"model": "quiz.choice", "pk": 9, "fields": {"question": 4, "choice_text": "귀도 반 로섬", "is_correct": true, "image": ""}}, {"model": "quiz.choice", "pk": 10, "fields": {"question": 4, "choice_text": "제임스 고슬링", "is_correct": false, "image": ""}}, {"model": "quiz.choice", "pk": 11, "fields": {"question": 4, "choice_text": "데니스 리치", "is_correct": false, "image": ""}}, {"model": "quiz.choice", "pk": 12, "fields": {"question": 5, "choice_text": "Model", "is_correct": true, "image": ""}}, {"model": "quiz.choice", "pk": 13, "fields": {"question": 5, "choice_text": "Main", "is_correct": false, "image": ""}}, {"model": "quiz.choice", "pk": 14, "fields": {"question": 5, "choice_text": "Management", "is_correct": false, "image": ""}}, {"model": "quiz.choice", "pk": 15, "fields": {"question": 5, "choice_text": "Media", "is_correct": false, "image": ""}}, {"model": "quiz.choice", "pk": 16, "fields": {"question": 6, "choice_text": "삼성", "is_correct": false, "image": ""}}, {"model": "quiz.choice", "pk": 17, "fields": {"question": 6, "choice_text": "엘지", "is_correct": false, "image": ""}}, {"model": "quiz.choice", "pk": 18, "fields": {"question": 6, "choice_text": "롯데", "is_correct": false, "image": ""}}, {"model": "quiz.choice", "pk": 19, "fields": {"question": 6, "choice_text": "에플", "is_correct": true, "image": ""}}, {"model": "quiz.choice", "pk": 20, "fields": {"question": 8, "choice_text": "토끼", "is_correct": false, "image": "choice_images/그림1.png"}}, {"model": "quiz.choice", "pk": 21, "fields": {"question": 8, "choice_text": "토끼2", "is_correct": true, "image": "choice_images/그림2.png"}}, {"model": "quiz.choice", "pk": 22, "fields": {"question": 8, "choice_text": "반도체", "is_correct": true, "image": "choice_images/그림4.png"}}, {"model": "quiz.choice", "pk": 23, "fields": {"question": 8, "choice_text": ".", "is_correct": false, "image": "choice_images/download.png"}}, {"model": "quiz.choice", "pk": 24, "fields": {"question": 1, "choice_text": "ㄹㅊㅌㄴ", "is_correct": false, "image": ""}}, {"model": "quiz.choice", "pk": 26, "fields": {"question": 9, "choice_text": "사람", "is_correct": true, "image": ""}}, {"model": "quiz.quizattempt", "pk": 2, "fields": {"user": 1, "quiz": 2, "status": "완료됨", "assignment_type": "개인 요청", "requested_at": "2025-10-10T03:37:41.845Z", "attempt_number": 0}}, {"model": "quiz.quizattempt", "pk": 3, "fields": {"user": 1, "quiz": 1, "status": "완료됨", "assignment_type": "개인 요청", "requested_at": "2025-10-10T03:39:31.853Z", "attempt_number": 0}}, {"model": "quiz.quizattempt", "pk": 4, "fields": {"user": 2, "quiz": 3, "status": "완료됨", "assignment_type": "개인 요청", "requested_at": "2025-10-10T03:45:33.142Z", "attempt_number": 0}}, {"model": "quiz.quizattempt", "pk": 5, "fields": {"user": 2, "quiz": 2, "status": "완료됨", "assignment_type": "개인 요청", "requested_at": "2025-10-10T03:50:19.438Z", "attempt_number": 0}}, {"model": "quiz.quizattempt", "pk": 7, "fields": {"user": 1, "quiz": 2, "status": "완료됨", "assignment_type": "개인 요청", "requested_at": "2025-10-10T04:33:48.712Z", "attempt_number": 2}}, {"model": "quiz.quizattempt", "pk": 8, "fields": {"user": 1, "quiz": 1, "status": "완료됨", "assignment_type": "개인 요청", "requested_at": "2025-10-10T04:35:22.594Z", "attempt_number": 2}}, {"model": "quiz.quizattempt", "pk": 9, "fields": {"user": 1, "quiz": 3, "status": "완료됨", "assignment_type": "개인 요청", "requested_at": "2025-10-10T04:58:00.505Z", "attempt_number": 1}}, {"model": "quiz.quizattempt", "pk": 10, "fields": {"user": 1, "quiz": 3, "status": "완료됨", "assignment_type": "개인 요청", "requested_at": "2025-10-11T14:04:02.555Z", "attempt_number": 2}}, {"model": "quiz.quizattempt", "pk": 11, "fields": {"user": 1, "quiz": 3, "status": "완료됨", "assignment_type": "개인 요청", "requested_at": "2025-10-12T08:18:34.140Z", "attempt_number": 3}}, {"model": "quiz.quizattempt", "pk": 12, "fields": {"user": 1, "quiz": 3, "status": "완료됨", "assignment_type": "개인 요청", "requested_at": "2025-10-16T15:03:01.903Z", "attempt_number": 4}}, {"model": "quiz.quizattempt", "pk": 13, "fields": {"user": 2, "quiz": 3, "status": "완료됨", "assignment_type": "그룹 배정", "requested_at": "2025-10-16T15:06:18.476Z", "attempt_number": 2}}, {"model": "quiz.quizattempt", "pk": 14, "fields": {"user": 2, "quiz": 1, "status": "완료됨", "assignment_type": "개인 요청", "requested_at": "2025-10-17T14:06:21.816Z", "attempt_number": 1}}, {"model": "quiz.quizattempt", "pk": 15, "fields": {"user": 1, "quiz": 2, "status": "완료됨", "assignment_type": "개인 요청", "requested_at": "2025-10-17T14:33:27.435Z", "attempt_number": 3}}, {"model": "quiz.quizattempt", "pk": 16, "fields": {"user": 1, "quiz": 1, "status": "완료됨", "assignment_type": "개인 요청", "requested_at": "2025-10-17T14:33:27.897Z", "attempt_number": 3}}, {"model": "quiz.quizattempt", "pk": 17, "fields": {"user": 2, "quiz": 3, "status": "완료됨", "assignment_type": "개인 요청", "requested_at": "2025-10-17T14:46:17.136Z", "attempt_number": 3}}, {"model": "quiz.quizattempt", "pk": 18, "fields": {"user": 1, "quiz": 3, "status": "완료됨", "assignment_type": "개인 요청", "requested_at": "2025-10-18T16:32:44.713Z", "attempt_number": 5}}, {"model": "quiz.quizattempt", "pk": 19, "fields": {"user": 1, "quiz": 3, "status": "완료됨", "assignment_type": "개인 요청", "requested_at": "2025-10-18T16:36:35.965Z", "attempt_number": 6}}, {"model": "quiz.quizattempt", "pk": 20, "fields": {"user": 1, "quiz": 2, "status": "완료됨", "assignment_type": "개인 요청", "requested_at": "2025-10-18T17:19:43.523Z", "attempt_number": 4}}, {"model": "quiz.quizattempt", "pk": 21, "fields": {"user": 1, "quiz": 3, "status": "완료됨", "assignment_type": "개인 요청", "requested_at": "2025-10-18T17:23:10.086Z", "attempt_number": 7}}, {"model": "quiz.quizattempt", "pk": 22, "fields": {"user": 1, "quiz": 2, "status": "완료됨", "assignment_type": "개인 요청", "requested_at": "2025-11-09T10:45:47.609Z", "attempt_number": 5}}, {"model": "quiz.quizattempt", "pk": 23, "fields": {"user": 1, "quiz": 3, "status": "승인됨", "assignment_type": "개인 요청", "requested_at": "2025-11-09T10:55:58.582Z", "attempt_number": 8}}, {"model": "quiz.quizattempt", "pk": 24, "fields": {"user": 1, "quiz": 1, "status": "승인됨", "assignment_type": "개인 요청", "requested_at": "2025-11-09T10:55:59.623Z", "attempt_number": 4}}, {"model": "quiz.quizattempt", "pk": 25, "fields": {"user": 1, "quiz": 2, "status": "승인됨", "assignment_type": "개인 요청", "requested_at": "2025-11-09T10:56:00.372Z", "attempt_number": 6}}, {"model": "quiz.testresult", "pk": 1, "fields": {"attempt": null, "user": 1, "quiz": 3, "score": 50, "is_pass": false, "completed_at": "2025-10-09T15:30:00.833Z", "attempt_number": 0}}, {"model": "quiz.testresult", "pk": 2, "fields": {"attempt": null, "user": 1, "quiz": 3, "score": 0, "is_pass": false, "completed_at": "2025-10-09T15:31:00.147Z", "attempt_number": 0}}, {"model": "quiz.testresult", "pk": 3, "fields": {"attempt": null, "user": 1, "quiz": 3, "score": 0, "is_pass": false, "completed_at": "2025-10-09T15:49:08.068Z", "attempt_number": 0}}, {"model": "quiz.testresult", "pk": 4, "fields": {"attempt": null, "user": 1, "quiz": 3, "score": 0, "is_pass": false, "completed_at": "2025-10-09T16:01:07.966Z", "attempt_number": 0}}, {"model": "quiz.testresult", "pk": 5, "fields": {"attempt": null, "user": 1, "quiz": 3, "score": 0, "is_pass": false, "completed_at": "2025-10-09T16:13:26.477Z", "attempt_number": 5}}, {"model": "quiz.testresult", "pk": 6, "fields": {"attempt": null, "user": 1, "quiz": 3, "score": 100, "is_pass": false, "completed_at": "2025-10-09T16:22:20.725Z", "attempt_number": 6}}, {"model": "quiz.testresult", "pk": 7, "fields": {"attempt": null, "user": 1, "quiz": 3, "score": 100, "is_pass": false, "completed_at": "2025-10-09T16:22:38.718Z", "attempt_number": 7}}, {"model": "quiz.testresult", "pk": 9, "fields": {"attempt": 3, "user": 1, "quiz": 1, "score": 66, "is_pass": false, "completed_at": "2025-10-10T04:17:52.986Z", "attempt_number": 1}}, {"model": "quiz.testresult", "pk": 10, "fields": {"attempt": 8, "user": 1, "quiz": 1, "score": 66, "is_pass": false, "completed_at": "2025-10-10T04:35:37.158Z", "attempt_number": 2}}, {"model": "quiz.testresult", "pk": 11, "fields": {"attempt": 7, "user": 1, "quiz": 2, "score": 0, "is_pass": false, "completed_at": "2025-10-10T04:37:10.828Z", "attempt_number": 1}}, {"model": "quiz.testresult", "pk": 12, "fields": {"attempt": 9, "user": 1, "quiz": 3, "score": 25, "is_pass": false, "completed_at": "2025-10-10T05:07:18.244Z", "attempt_number": 8}}, {"model": "quiz.testresult", "pk": 13, "fields": {"attempt": 11, "user": 1, "quiz": 3, "score": 0, "is_pass": false, "completed_at": "2025-10-12T08:41:59.025Z", "attempt_number": 9}}, {"model": "quiz.testresult", "pk": 14, "fields": {"attempt": 11, "user": 1, "quiz": 3, "score": 0, "is_pass": false, "completed_at": "2025-10-12T08:42:08.653Z", "attempt_number": 10}}, {"model": "quiz.testresult", "pk": 15, "fields": {"attempt": 11, "user": 1, "quiz": 3, "score": 0, "is_pass": false, "completed_at": "2025-10-12T08:42:34.962Z", "attempt_number": 11}}, {"model": "quiz.testresult", "pk": 16, "fields": {"attempt": 11, "user": 1, "quiz": 3, "score": 0, "is_pass": false, "completed_at": "2025-10-12T08:57:06.471Z", "attempt_number": 12}}, {"model": "quiz.testresult", "pk": 17, "fields": {"attempt": 11, "user": 1, "quiz": 3, "score": 0, "is_pass": false, "completed_at": "2025-10-12T09:32:32.016Z", "attempt_number": 13}}, {"model": "quiz.testresult", "pk": 18, "fields": {"attempt": 11, "user": 1, "quiz": 3, "score": 20, "is_pass": false, "completed_at": "2025-10-12T09:34:16.106Z", "attempt_number": 14}}, {"model": "quiz.testresult", "pk": 19, "fields": {"attempt": 11, "user": 1, "quiz": 3, "score": 0, "is_pass": false, "completed_at": "2025-10-12T09:42:52.621Z", "attempt_number": 15}}, {"model": "quiz.testresult", "pk": 20, "fields": {"attempt": 11, "user": 1, "quiz": 3, "score": 0, "is_pass": false, "completed_at": "2025-10-12T09:47:22.593Z", "attempt_number": 16}}, {"model": "quiz.testresult", "pk": 21, "fields": {"attempt": 11, "user": 1, "quiz": 3, "score": 0, "is_pass": false, "completed_at": "2025-10-12T09:52:51.378Z", "attempt_number": 17}}, {"model": "quiz.testresult", "pk": 22, "fields": {"attempt": 11, "user": 1, "quiz": 3, "score": 20, "is_pass": false, "completed_at": "2025-10-12T10:03:06.797Z", "attempt_number": 18}}, {"model": "quiz.testresult", "pk": 23, "fields": {"attempt": 11, "user": 1, "quiz": 3, "score": 0, "is_pass": false, "completed_at": "2025-10-12T10:13:02.872Z", "attempt_number": 19}}, {"model": "quiz.testresult", "pk": 24, "fields": {"attempt": 11, "user": 1, "quiz": 3, "score": 40, "is_pass": false, "completed_at": "2025-10-12T10:16:58.735Z", "attempt_number": 20}}, {"model": "quiz.testresult", "pk": 25, "fields": {"attempt": 11, "user": 1, "quiz": 3, "score": 20, "is_pass": false, "completed_at": "2025-10-12T10:19:44.652Z", "attempt_number": 21}}, {"model": "quiz.testresult", "pk": 26, "fields": {"attempt": 13, "user": 2, "quiz": 3, "score": 0, "is_pass": false, "completed_at": "2025-10-16T15:06:24.418Z", "attempt_number": 1}}, {"model": "quiz.testresult", "pk": 27, "fields": {"attempt": 4, "user": 2, "quiz": 3, "score": 60, "is_pass": false, "completed_at": "2025-10-17T14:46:09.778Z", "attempt_number": 2}}, {"model": "quiz.testresult", "pk": 28, "fields": {"attempt": 5, "user": 2, "quiz": 2, "score": 0, "is_pass": false, "completed_at": "2025-10-17T14:46:21.496Z", "attempt_number": 1}}, {"model": "quiz.testresult", "pk": 29, "fields": {"attempt": 14, "user": 2, "quiz": 1, "score": 100, "is_pass": false, "completed_at": "2025-10-17T14:46:29.054Z", "attempt_number": 1}}, {"model": "quiz.testresult", "pk": 30, "fields": {"attempt": 12, "user": 1, "quiz": 3, "score": 60, "is_pass": false, "completed_at": "2025-10-18T16:32:00.111Z", "attempt_number": 22}}, {"model": "quiz.testresult", "pk": 31, "fields": {"attempt": 18, "user": 1, "quiz": 3, "score": 100, "is_pass": false, "completed_at": "2025-10-18T16:33:44.958Z", "attempt_number": 23}}, {"model": "quiz.testresult", "pk": 32, "fields": {"attempt": 3, "user": 1, "quiz": 1, "score": 100, "is_pass": false, "completed_at": "2025-10-18T16:41:14.213Z", "attempt_number": 3}}, {"model": "quiz.testresult", "pk": 33, "fields": {"attempt": 2, "user": 1, "quiz": 2, "score": 100, "is_pass": false, "completed_at": "2025-10-18T16:41:29.454Z", "attempt_number": 2}}, {"model": "quiz.testresult", "pk": 34, "fields": {"attempt": 9, "user": 1, "quiz": 3, "score": 0, "is_pass": false, "completed_at": "2025-10-18T16:42:47.134Z", "attempt_number": 24}}, {"model": "quiz.testresult", "pk": 35, "fields": {"attempt": 10, "user": 1, "quiz": 3, "score": 20, "is_pass": false, "completed_at": "2025-10-18T16:49:51.110Z", "attempt_number": 25}}, {"model": "quiz.testresult", "pk": 36, "fields": {"attempt": 11, "user": 1, "quiz": 3, "score": 0, "is_pass": false, "completed_at": "2025-10-18T16:50:17.516Z", "attempt_number": 26}}, {"model": "quiz.testresult", "pk": 37, "fields": {"attempt": 7, "user": 1, "quiz": 2, "score": 0, "is_pass": false, "completed_at": "2025-10-18T16:53:52.490Z", "attempt_number": 3}}, {"model": "quiz.testresult", "pk": 38, "fields": {"attempt": 15, "user": 1, "quiz": 2, "score": 0, "is_pass": false, "completed_at": "2025-10-18T17:07:11.722Z", "attempt_number": 4}}, {"model": "quiz.testresult", "pk": 39, "fields": {"attempt": 12, "user": 1, "quiz": 3, "score": 20, "is_pass": false, "completed_at": "2025-10-18T17:19:51.563Z", "attempt_number": 27}}, {"model": "quiz.testresult", "pk": 40, "fields": {"attempt": 18, "user": 1, "quiz": 3, "score": 40, "is_pass": false, "completed_at": "2025-10-18T17:20:05.536Z", "attempt_number": 28}}, {"model": "quiz.testresult", "pk": 41, "fields": {"attempt": 19, "user": 1, "quiz": 3, "score": 0, "is_pass": false, "completed_at": "2025-10-18T17:23:07.176Z", "attempt_number": 29}}, {"model": "quiz.testresult", "pk": 42, "fields": {"attempt": 21, "user": 1, "quiz": 3, "score": 20, "is_pass": false, "completed_at": "2025-10-20T15:53:34.684Z", "attempt_number": 30}}, {"model": "quiz.testresult", "pk": 43, "fields": {"attempt": 16, "user": 1, "quiz": 1, "score": 50, "is_pass": false, "completed_at": "2025-10-20T15:53:44.534Z", "attempt_number": 4}}, {"model": "quiz.testresult", "pk": 44, "fields": {"attempt": 20, "user": 1, "quiz": 2, "score": 0, "is_pass": false, "completed_at": "2025-10-20T15:54:31.946Z", "attempt_number": 5}}, {"model": "quiz.useranswer", "pk": 1, "fields": {"test_result": 1, "question": 4, "selected_choice": 9, "short_answer_text": null, "is_correct": true}}, {"model": "quiz.useranswer", "pk": 2, "fields": {"test_result": 1, "question": 5, "selected_choice": 14, "short_answer_text": null, "is_correct": false}}, {"model": "quiz.useranswer", "pk": 3, "fields": {"test_result": 1, "question": 6, "selected_choice": 17, "short_answer_text": null, "is_correct": false}}, {"model": "quiz.useranswer", "pk": 4, "fields": {"test_result": 1, "question": 8, "selected_choice": 22, "short_answer_text": null, "is_correct": true}}, {"model": "quiz.useranswer", "pk": 5, "fields": {"test_result": 2, "question": 4, "selected_choice": 10, "short_answer_text": null, "is_correct": false}}, {"model": "quiz.useranswer", "pk": 6, "fields": {"test_result": 2, "question": 5, "selected_choice": 15, "short_answer_text": null, "is_correct": false}}, {"model": "quiz.useranswer", "pk": 7, "fields": {"test_result": 2, "question": 6, "selected_choice": 16, "short_answer_text": null, "is_correct": false}}, {"model": "quiz.useranswer", "pk": 8, "fields": {"test_result": 2, "question": 8, "selected_choice": 20, "short_answer_text": null, "is_correct": false}}, {"model": "quiz.useranswer", "pk": 9, "fields": {"test_result": 3, "question": 4, "selected_choice": 10, "short_answer_text": null, "is_correct": false}}, {"model": "quiz.useranswer", "pk": 10, "fields": {"test_result": 3, "question": 5, "selected_choice": 15, "short_answer_text": null, "is_correct": false}}, {"model": "quiz.useranswer", "pk": 11, "fields": {"test_result": 3, "question": 6, "selected_choice": 16, "short_answer_text": null, "is_correct": false}}, {"model": "quiz.useranswer", "pk": 12, "fields": {"test_result": 3, "question": 8, "selected_choice": 21, "short_answer_text": null, "is_correct": false}}, {"model": "quiz.useranswer", "pk": 13, "fields": {"test_result": 4, "question": 4, "selected_choice": 11, "short_answer_text": null, "is_correct": false}}, {"model": "quiz.useranswer", "pk": 14, "fields": {"test_result": 4, "question": 5, "selected_choice": 14, "short_answer_text": null, "is_correct": false}}, {"model": "quiz.useranswer", "pk": 15, "fields": {"test_result": 4, "question": 6, "selected_choice": 17, "short_answer_text": null, "is_correct": false}}, {"model": "quiz.useranswer", "pk": 16, "fields": {"test_result": 4, "question": 8, "selected_choice": 20, "short_answer_text": null, "is_correct": false}}, {"model": "quiz.useranswer", "pk": 17, "fields": {"test_result": 5, "question": 4, "selected_choice": 11, "short_answer_text": null, "is_correct": false}}, {"model": "quiz.useranswer", "pk": 18, "fields": {"test_result": 5, "question": 5, "selected_choice": 15, "short_answer_text": null, "is_correct": false}}, {"model": "quiz.useranswer", "pk": 19, "fields": {"test_result": 5, "question": 6, "selected_choice": 16, "short_answer_text": null, "is_correct": false}}, {"model": "quiz.useranswer", "pk": 20, "fields": {"test_result": 5, "question": 8, "selected_choice": 21, "short_answer_text": null, "is_correct": false}}, {"model": "quiz.useranswer", "pk": 21, "fields": {"test_result": 6, "question": 4, "selected_choice": 9, "short_answer_text": null, "is_correct": true}}, {"model": "quiz.useranswer", "pk": 22, "fields": {"test_result": 6, "question": 5, "selected_choice": 12, "short_answer_text": null, "is_correct": true}}, {"model": "quiz.useranswer", "pk": 23, "fields": {"test_result": 6, "question": 6, "selected_choice": 19, "short_answer_text": null, "is_correct": true}}, {"model": "quiz.useranswer", "pk": 24, "fields": {"test_result": 6, "question": 8, "selected_choice": 22, "short_answer_text": null, "is_correct": true}}, {"model": "quiz.useranswer", "pk": 25, "fields": {"test_result": 7, "question": 4, "selected_choice": 9, "short_answer_text": null, "is_correct": true}}, {"model": "quiz.useranswer", "pk": 26, "fields": {"test_result": 7, "question": 5, "selected_choice": 12, "short_answer_text": null, "is_correct": true}}, {"model": "quiz.useranswer", "pk": 27, "fields": {"test_result": 7, "question": 6, "selected_choice": 19, "short_answer_text": null, "is_correct": true}}, {"model": "quiz.useranswer", "pk": 28, "fields": {"test_result": 7, "question": 8, "selected_choice": 22, "short_answer_text": null, "is_correct": true}}, {"model": "quiz.useranswer", "pk": 33, "fields": {"test_result": 9, "question": 1, "selected_choice": 8, "short_answer_text": null, "is_correct": false}}, {"model": "quiz.useranswer", "pk": 34, "fields": {"test_result": 9, "question": 2, "selected_choice": 3, "short_answer_text": null, "is_correct": true}}, {"model": "quiz.useranswer", "pk": 35, "fields": {"test_result": 9, "question": 3, "selected_choice": 6, "short_answer_text": null, "is_correct": true}}, {"model": "quiz.useranswer", "pk": 36, "fields": {"test_result": 10, "question": 1, "selected_choice": 8, "short_answer_text": null, "is_correct": false}}, {"model": "quiz.useranswer", "pk": 37, "fields": {"test_result": 10, "question": 2, "selected_choice": 3, "short_answer_text": null, "is_correct": true}}, {"model": "quiz.useranswer", "pk": 38, "fields": {"test_result": 10, "question": 3, "selected_choice": 6, "short_answer_text": null, "is_correct": true}}, {"model": "quiz.useranswer", "pk": 39, "fields": {"test_result": 11, "question": 1, "selected_choice": 8, "short_answer_text": null, "is_correct": false}}, {"model": "quiz.useranswer", "pk": 40, "fields": {"test_result": 12, "question": 4, "selected_choice": 11, "short_answer_text": null, "is_correct": false}}, {"model": "quiz.useranswer", "pk": 41, "fields": {"test_result": 12, "question": 5, "selected_choice": 14, "short_answer_text": null, "is_correct": false}}, {"model": "quiz.useranswer", "pk": 42, "fields": {"test_result": 12, "question": 6, "selected_choice": 19, "short_answer_text": null, "is_correct": true}}, {"model": "quiz.useranswer", "pk": 43, "fields": {"test_result": 12, "question": 8, "selected_choice": 21, "short_answer_text": null, "is_correct": false}}, {"model": "quiz.useranswer", "pk": 44, "fields": {"test_result": 13, "question": 8, "selected_choice": null, "short_answer_text": "", "is_correct": false}}, {"model": "quiz.useranswer", "pk": 45, "fields": {"test_result": 13, "question": 9, "selected_choice": null, "short_answer_text": "", "is_correct": false}}, {"model": "quiz.useranswer", "pk": 46, "fields": {"test_result": 14, "question": 8, "selected_choice": null, "short_answer_text": "", "is_correct": false}}, {"model": "quiz.useranswer", "pk": 47, "fields": {"test_result": 14, "question": 9, "selected_choice": null, "short_answer_text": "", "is_correct": false}}, {"model": "quiz.useranswer", "pk": 48, "fields": {"test_result": 15, "question": 8, "selected_choice": null, "short_answer_text": "", "is_correct": false}}, {"model": "quiz.useranswer", "pk": 49, "fields": {"test_result": 15, "question": 9, "selected_choice": null, "short_answer_text": "", "is_correct": false}}, {"model": "quiz.useranswer", "pk": 50, "fields": {"test_result": 16, "question": 8, "selected_choice": null, "short_answer_text": "", "is_correct": false}}, {"model": "quiz.useranswer", "pk": 51, "fields": {"test_result": 16, "question": 9, "selected_choice": null, "short_answer_text": "", "is_correct": false}}, {"model": "quiz.useranswer", "pk": 52, "fields": {"test_result": 17, "question": 4, "selected_choice": 10, "short_answer_text": null, "is_correct": false}}, {"model": "quiz.useranswer", "pk": 53, "fields": {"test_result": 17, "question": 5, "selected_choice": 13, "short_answer_text": null, "is_correct": false}}, {"model": "quiz.useranswer", "pk": 54, "fields": {"test_result": 17, "question": 6, "selected_choice": 17, "short_answer_text": null, "is_correct": false}}, {"model": "quiz.useranswer", "pk": 55, "fields": {"test_result": 17, "question": 8, "selected_choice": null, "short_answer_text": "21", "is_correct": false}}, {"model": "quiz.useranswer", "pk": 56, "fields": {"test_result": 17, "question": 9, "selected_choice": null, "short_answer_text": "", "is_correct": false}}, {"model": "quiz.useranswer", "pk": 57, "fields": {"test_result": 18, "question": 4, "selected_choice": 10, "short_answer_text": null, "is_correct": false}}, {"model": "quiz.useranswer", "pk": 58, "fields": {"test_result": 18, "question": 5, "selected_choice": 15, "short_answer_text": null, "is_correct": false}}, {"model": "quiz.useranswer", "pk": 59, "fields": {"test_result": 18, "question": 6, "selected_choice": 19, "short_answer_text": null, "is_correct": true}}, {"model": "quiz.useranswer", "pk": 60, "fields": {"test_result": 18, "question": 8, "selected_choice": null, "short_answer_text": "21", "is_correct": false}}, {"model": "quiz.useranswer", "pk": 61, "fields": {"test_result": 18, "question": 9, "selected_choice": null, "short_answer_text": "", "is_correct": false}}, {"model": "quiz.useranswer", "pk": 62, "fields": {"test_result": 19, "question": 4, "selected_choice": 10, "short_answer_text": null, "is_correct": false}}, {"model": "quiz.useranswer", "pk": 63, "fields": {"test_result": 19, "question": 5, "selected_choice": 15, "short_answer_text": null, "is_correct": false}}, {"model": "quiz.useranswer", "pk": 64, "fields": {"test_result": 19, "question": 6, "selected_choice": 16, "short_answer_text": null, "is_correct": false}}, {"model": "quiz.useranswer", "pk": 65, "fields": {"test_result": 19, "question": 8, "selected_choice": null, "short_answer_text": "22", "is_correct": false}}, {"model": "quiz.useranswer", "pk": 66, "fields": {"test_result": 19, "question": 9, "selected_choice": null, "short_answer_text": "", "is_correct": false}}, {"model": "quiz.useranswer", "pk": 67, "fields": {"test_result": 20, "question": 4, "selected_choice": 10, "short_answer_text": null, "is_correct": false}}, {"model": "quiz.useranswer", "pk": 68, "fields": {"test_result": 20, "question": 5, "selected_choice": 14, "short_answer_text": null, "is_correct": false}}, {"model": "quiz.useranswer", "pk": 69, "fields": {"test_result": 20, "question": 6, "selected_choice": 18, "short_answer_text": null, "is_correct": false}}, {"model": "quiz.useranswer", "pk": 70, "fields": {"test_result": 20, "question": 8, "selected_choice": null, "short_answer_text": "21", "is_correct": false}}, {"model": "quiz.useranswer", "pk": 71, "fields": {"test_result": 20, "question": 9, "selected_choice": null, "short_answer_text": "", "is_correct": false}}, {"model": "quiz.useranswer", "pk": 72, "fields": {"test_result": 21, "question": 4, "selected_choice": 10, "short_answer_text": null, "is_correct": false}}, {"model": "quiz.useranswer", "pk": 73, "fields": {"test_result": 21, "question": 5, "selected_choice": 15, "short_answer_text": null, "is_correct": false}}, {"model": "quiz.useranswer", "pk": 74, "fields": {"test_result": 21, "question": 6, "selected_choice": 16, "short_answer_text": null, "is_correct": false}}, {"model": "quiz.useranswer", "pk": 75, "fields": {"test_result": 21, "question": 8, "selected_choice": null, "short_answer_text": "23", "is_correct": false}}, {"model": "quiz.useranswer", "pk": 76, "fields": {"test_result": 21, "question": 9, "selected_choice": null, "short_answer_text": "", "is_correct": false}}, {"model": "quiz.useranswer", "pk": 77, "fields": {"test_result": 22, "question": 4, "selected_choice": 10, "short_answer_text": null, "is_correct": false}}, {"model": "quiz.useranswer", "pk": 78, "fields": {"test_result": 22, "question": 5, "selected_choice": 13, "short_answer_text": null, "is_correct": false}}, {"model": "quiz.useranswer", "pk": 79, "fields": {"test_result": 22, "question": 6, "selected_choice": 19, "short_answer_text": null, "is_correct": true}}, {"model": "quiz.useranswer", "pk": 80, "fields": {"test_result": 22, "question": 8, "selected_choice": null, "short_answer_text": "22", "is_correct": false}}, {"model": "quiz.useranswer", "pk": 81, "fields": {"test_result": 22, "question": 9, "selected_choice": null, "short_answer_text": "", "is_correct": false}}, {"model": "quiz.useranswer", "pk": 82, "fields": {"test_result": 23, "question": 4, "selected_choice": 11, "short_answer_text": null, "is_correct": false}}, {"model": "quiz.useranswer", "pk": 83, "fields": {"test_result": 23, "question": 5, "selected_choice": 13, "short_answer_text": null, "is_correct": false}}, {"model": "quiz.useranswer", "pk": 84, "fields": {"test_result": 23, "question": 6, "selected_choice": 16, "short_answer_text": null, "is_correct": false}}, {"model": "quiz.useranswer", "pk": 85, "fields": {"test_result": 23, "question": 8, "selected_choice": null, "short_answer_text": "23", "is_correct": false}}, {"model": "quiz.useranswer", "pk": 86, "fields": {"test_result": 23, "question": 9, "selected_choice": null, "short_answer_text": "", "is_correct": false}}, {"model": "quiz.useranswer", "pk": 87, "fields": {"test_result": 24, "question": 4, "selected_choice": 11, "short_answer_text": null, "is_correct": false}}, {"model": "quiz.useranswer", "pk": 88, "fields": {"test_result": 24, "question": 5, "selected_choice": 12, "short_answer_text": null, "is_correct": true}}, {"model": "quiz.useranswer", "pk": 89, "fields": {"test_result": 24, "question": 6, "selected_choice": 19, "short_answer_text": null, "is_correct": true}}, {"model": "quiz.useranswer", "pk": 90, "fields": {"test_result": 24, "question": 8, "selected_choice": null, "short_answer_text": "22", "is_correct": false}}, {"model": "quiz.useranswer", "pk": 91, "fields": {"test_result": 24, "question": 9, "selected_choice": null, "short_answer_text": "", "is_correct": false}}, {"model": "quiz.useranswer", "pk": 92, "fields": {"test_result": 25, "question": 4, "selected_choice": 11, "short_answer_text": null, "is_correct": false}}, {"model": "quiz.useranswer", "pk": 93, "fields": {"test_result": 25, "question": 5, "selected_choice": 14, "short_answer_text": null, "is_correct": false}}, {"model": "quiz.useranswer", "pk": 94, "fields": {"test_result": 25, "question": 6, "selected_choice": 19, "short_answer_text": null, "is_correct": true}}, {"model": "quiz.useranswer", "pk": 95, "fields": {"test_result": 25, "question": 8, "selected_choice": null, "short_answer_text": "22", "is_correct": false}}, {"model": "quiz.useranswer", "pk": 96, "fields": {"test_result": 25, "question": 9, "selected_choice": null, "short_answer_text": "", "is_correct": false}}, {"model": "quiz.useranswer", "pk": 97, "fields": {"test_result": 26, "question": 4, "selected_choice": 11, "short_answer_text": null, "is_correct": false}}, {"model": "quiz.useranswer", "pk": 98, "fields": {"test_result": 26, "question": 5, "selected_choice": 14, "short_answer_text": null, "is_correct": false}}, {"model": "quiz.useranswer", "pk": 99, "fields": {"test_result": 26, "question": 6, "selected_choice": 16, "short_answer_text": null, "is_correct": false}}, {"model": "quiz.useranswer", "pk": 100, "fields": {"test_result": 26, "question": 8, "selected_choice": null, "short_answer_text": "", "is_correct": false}}, {"model": "quiz.useranswer", "pk": 101, "fields": {"test_result": 26, "question": 9, "selected_choice": null, "short_answer_text": "", "is_correct": false}}, {"model": "quiz.useranswer", "pk": 102, "fields": {"test_result": 27, "question": 4, "selected_choice": 9, "short_answer_text": null, "is_correct": true}}, {"model": "quiz.useranswer", "pk": 103, "fields": {"test_result": 27, "question": 5, "selected_choice": 12, "short_answer_text": null, "is_correct": true}}, {"model": "quiz.useranswer", "pk": 104, "fields": {"test_result": 27, "question": 6, "selected_choice": 19, "short_answer_text": null, "is_correct": true}}, {"model": "quiz.useranswer", "pk": 105, "fields": {"test_result": 27, "question": 8, "selected_choice": null, "short_answer_text": "22, 23", "is_correct": false}}, {"model": "quiz.useranswer", "pk": 106, "fields": {"test_result": 27, "question": 9, "selected_choice": null, "short_answer_text": "", "is_correct": false}}, {"model": "quiz.useranswer", "pk": 107, "fields": {"test_result": 28, "question": 1, "selected_choice": 8, "short_answer_text": null, "is_correct": false}}, {"model": "quiz.useranswer", "pk": 108, "fields": {"test_result": 29, "question": 2, "selected_choice": 3, "short_answer_text": null, "is_correct": true}}, {"model": "quiz.useranswer", "pk": 109, "fields": {"test_result": 29, "question": 3, "selected_choice": 6, "short_answer_text": null, "is_correct": true}}, {"model": "quiz.useranswer", "pk": 110, "fields": {"test_result": 30, "question": 4, "selected_choice": 9, "short_answer_text": null, "is_correct": true}}, {"model": "quiz.useranswer", "pk": 111, "fields": {"test_result": 30, "question": 5, "selected_choice": 12, "short_answer_text": null, "is_correct": true}}, {"model": "quiz.useranswer", "pk": 112, "fields": {"test_result": 30, "question": 6, "selected_choice": 19, "short_answer_text": null, "is_correct": true}}, {"model": "quiz.useranswer", "pk": 113, "fields": {"test_result": 30, "question": 8, "selected_choice": null, "short_answer_text": "22, 23", "is_correct": false}}, {"model": "quiz.useranswer", "pk": 114, "fields": {"test_result": 30, "question": 9, "selected_choice": null, "short_answer_text": "", "is_correct": false}}, {"model": "quiz.useranswer", "pk": 115, "fields": {"test_result": 31, "question": 4, "selected_choice": 9, "short_answer_text": null, "is_correct": true}}, {"model": "quiz.useranswer", "pk": 116, "fields": {"test_result": 31, "question": 5, "selected_choice": 12, "short_answer_text": null, "is_correct": true}}, {"model": "quiz.useranswer", "pk": 117, "fields": {"test_result": 31, "question": 6, "selected_choice": 19, "short_answer_text": null, "is_correct": true}}, {"model": "quiz.useranswer", "pk": 118, "fields": {"test_result": 31, "question": 8, "selected_choice": null, "short_answer_text": "21, 22", "is_correct": true}}, {"model": "quiz.useranswer", "pk": 119, "fields": {"test_result": 31, "question": 9, "selected_choice": null, "short_answer_text": "사람", "is_correct": true}}, {"model": "quiz.useranswer", "pk": 120, "fields": {"test_result": 32, "question": 2, "selected_choice": 3, "short_answer_text": null, "is_correct": true}}, {"model": "quiz.useranswer", "pk": 121, "fields": {"test_result": 32, "question": 3, "selected_choice": 6, "short_answer_text": null, "is_correct": true}}, {"model": "quiz.useranswer", "pk": 122, "fields": {"test_result": 33, "question": 1, "selected_choice": 1, "short_answer_text": null, "is_correct": true}}, {"model": "quiz.useranswer", "pk": 123, "fields": {"test_result": 34, "question": 4, "selected_choice": 11, "short_answer_text": null, "is_correct": false}}, {"model": "quiz.useranswer", "pk": 124, "fields": {"test_result": 34, "question": 5, "selected_choice": 13, "short_answer_text": null, "is_correct": false}}, {"model": "quiz.useranswer", "pk": 125, "fields": {"test_result": 34, "question": 6, "selected_choice": 18, "short_answer_text": null, "is_correct": false}}, {"model": "quiz.useranswer", "pk": 126, "fields": {"test_result": 34, "question": 8, "selected_choice": null, "short_answer_text": "21", "is_correct": false}}, {"model": "quiz.useranswer", "pk": 127, "fields": {"test_result": 34, "question": 9, "selected_choice": null, "short_answer_text": "", "is_correct": false}}, {"model": "quiz.useranswer", "pk": 128, "fields": {"test_result": 35, "question": 4, "selected_choice": 9, "short_answer_text": null, "is_correct": true}}, {"model": "quiz.useranswer", "pk": 129, "fields": {"test_result": 35, "question": 5, "selected_choice": 13, "short_answer_text": null, "is_correct": false}}, {"model": "quiz.useranswer", "pk": 130, "fields": {"test_result": 35, "question": 6, "selected_choice": 18, "short_answer_text": null, "is_correct": false}}, {"model": "quiz.useranswer", "pk": 131, "fields": {"test_result": 35, "question": 8, "selected_choice": null, "short_answer_text": "21", "is_correct": false}}, {"model": "quiz.useranswer", "pk": 132, "fields": {"test_result": 35, "question": 9, "selected_choice": null, "short_answer_text": "", "is_correct": false}}, {"model": "quiz.useranswer", "pk": 133, "fields": {"test_result": 36, "question": 4, "selected_choice": 11, "short_answer_text": null, "is_correct": false}}, {"model": "quiz.useranswer", "pk": 134, "fields": {"test_result": 36, "question": 8, "selected_choice": null, "short_answer_text": "", "is_correct": false}}, {"model": "quiz.useranswer", "pk": 135, "fields": {"test_result": 36, "question": 9, "selected_choice": null, "short_answer_text": "", "is_correct": false}}, {"model": "quiz.useranswer", "pk": 136, "fields": {"test_result": 37, "question": 1, "selected_choice": 2, "short_answer_text": null, "is_correct": false}}, {"model": "quiz.useranswer", "pk": 137, "fields": {"test_result": 38, "question": 1, "selected_choice": 24, "short_answer_text": null, "is_correct": false}}, {"model": "quiz.useranswer", "pk": 138, "fields": {"test_result": 39, "question": 4, "selected_choice": 9, "short_answer_text": null, "is_correct": true}}, {"model": "quiz.useranswer", "pk": 139, "fields": {"test_result": 39, "question": 5, "selected_choice": 15, "short_answer_text": null, "is_correct": false}}, {"model": "quiz.useranswer", "pk": 140, "fields": {"test_result": 39, "question": 6, "selected_choice": 17, "short_answer_text": null, "is_correct": false}}, {"model": "quiz.useranswer", "pk": 141, "fields": {"test_result": 39, "question": 8, "selected_choice": null, "short_answer_text": "21", "is_correct": false}}, {"model": "quiz.useranswer", "pk": 142, "fields": {"test_result": 39, "question": 9, "selected_choice": null, "short_answer_text": "", "is_correct": false}}, {"model": "quiz.useranswer", "pk": 143, "fields": {"test_result": 40, "question": 4, "selected_choice": 9, "short_answer_text": null, "is_correct": true}}, {"model": "quiz.useranswer", "pk": 144, "fields": {"test_result": 40, "question": 5, "selected_choice": 12, "short_answer_text": null, "is_correct": true}}, {"model": "quiz.useranswer", "pk": 145, "fields": {"test_result": 40, "question": 6, "selected_choice": 18, "short_answer_text": null, "is_correct": false}}, {"model": "quiz.useranswer", "pk": 146, "fields": {"test_result": 40, "question": 8, "selected_choice": null, "short_answer_text": "", "is_correct": false}}, {"model": "quiz.useranswer", "pk": 147, "fields": {"test_result": 40, "question": 9, "selected_choice": null, "short_answer_text": "", "is_correct": false}}, {"model": "quiz.useranswer", "pk": 148, "fields": {"test_result": 41, "question": 8, "selected_choice": null, "short_answer_text": "", "is_correct": false}}, {"model": "quiz.useranswer", "pk": 149, "fields": {"test_result": 41, "question": 9, "selected_choice": null, "short_answer_text": "", "is_correct": false}}, {"model": "quiz.useranswer", "pk": 150, "fields": {"test_result": 42, "question": 4, "selected_choice": 10, "short_answer_text": null, "is_correct": false}}, {"model": "quiz.useranswer", "pk": 151, "fields": {"test_result": 42, "question": 5, "selected_choice": 12, "short_answer_text": null, "is_correct": true}}, {"model": "quiz.useranswer", "pk": 152, "fields": {"test_result": 42, "question": 6, "selected_choice": 18, "short_answer_text": null, "is_correct": false}}, {"model": "quiz.useranswer", "pk": 153, "fields": {"test_result": 42, "question": 8, "selected_choice": null, "short_answer_text": "", "is_correct": false}}, {"model": "quiz.useranswer", "pk": 154, "fields": {"test_result": 42, "question": 9, "selected_choice": null, "short_answer_text": "", "is_correct": false}}, {"model": "quiz.useranswer", "pk": 155, "fields": {"test_result": 43, "question": 2, "selected_choice": 3, "short_answer_text": null, "is_correct": true}}, {"model": "quiz.useranswer", "pk": 156, "fields": {"test_result": 43, "question": 3, "selected_choice": 7, "short_answer_text": null, "is_correct": false}}, {"model": "quiz.useranswer", "pk": 157, "fields": {"test_result": 44, "question": 1, "selected_choice": 8, "short_answer_text": null, "is_correct": false}}]